Map,Player,Team,Agent,Overall VLR Rating,Overall ACS,Overall Kills,Overall Deaths,Overall Assists,Overall +/-,Overall KAST,Overall ADR,Overall HS%,Overall First Kills,Overall First Deaths,Overall First Blood +/-,Attack VLR Rating,Attack ACS,Attack Kills,Attack Deaths,Attack Assists,Attack +/-,Attack KAST,Attack ADR,Attack HS%,Attack First Kills,Attack First Deaths,Attack First Blood +/-,Defense VLR Rating,Defense ACS,Defense Kills,Defense Deaths,Defense Assists,Defense +/-,Defense KAST,Defense ADR,Defense HS%,Defense First Kills,Defense First Deaths,Defense First Blood +/-,Map Result,Rounds Won,Rounds Lost,Total Rounds,Attack Rounds Won,Attack Rounds Lost,Total Attack Rounds,Defense Rounds Won,Defense Rounds Lost,Total Defense Rounds,Attack Half Rounds Won,Attack Half Rounds Lost,Total Attack Half Rounds,Defense Half Rounds Won,Defense Half Rounds Lost,Total Defense Half Rounds,Overtime Attack Rounds Won,Overtime Attack Rounds Lost,Total Overtime Attack Rounds,Overtime Defense Rounds Won,Overtime Defense Rounds Lost,Total Overtime Defense Rounds,Overtime Rounds Won,Overtime Rounds Lost,Total Overtime Rounds
Haven,mitch,C9,skye,1.51,250,18,8,5,10,94%,159,21%,0,2,-2,1.53,254,12,6,3,6,92%,165,28%,0,2,-2,1.47,243,6,2,2,4,100%,146,6%,0,0,0,Win,13,5,18,7,5,12,6,0,6,7,5,12,6,0,6,0,0,0,0,0,0,0,0,0
Haven,OXY,C9,jett,1.42,336,23,14,3,9,78%,181,25%,8,2,6,0.84,234,11,10,0,1,67%,130,35%,4,2,2,2.57,542,12,4,3,8,100%,284,20%,4,0,4,Win,13,5,18,7,5,12,6,0,6,7,5,12,6,0,6,0,0,0,0,0,0,0,0,0
Haven,v1c,C9,omen,1.28,189,12,8,7,4,94%,135,61%,1,1,0,1.22,185,8,6,3,2,92%,137,63%,0,1,-1,1.39,198,4,2,4,2,100%,130,56%,1,0,1,Win,13,5,18,7,5,12,6,0,6,7,5,12,6,0,6,0,0,0,0,0,0,0,0,0
Haven,Xeppaa,C9,killjoy,1.2,221,13,10,5,3,100%,160,23%,2,0,2,1.17,246,9,8,4,1,100%,172,19%,1,0,1,1.25,173,4,2,1,2,100%,136,36%,1,0,1,Win,13,5,18,7,5,12,6,0,6,7,5,12,6,0,6,0,0,0,0,0,0,0,0,0
Haven,neT,C9,viper,0.84,132,9,8,3,1,78%,88,29%,0,2,-2,0.59,110,5,6,1,-1,67%,74,36%,0,2,-2,1.35,176,4,2,2,2,100%,117,25%,0,0,0,Win,13,5,18,7,5,12,6,0,6,7,5,12,6,0,6,0,0,0,0,0,0,0,0,0
Haven,heat,FUR,viper,0.92,176,12,15,3,-3,56%,109,42%,1,3,-2,0.62,175,4,6,1,-2,50%,106,38%,0,2,-2,1.07,178,8,9,2,-1,58%,111,44%,1,1,0,Loss,5,13,18,0,6,6,5,7,12,0,6,6,5,7,12,0,0,0,0,0,0,0,0,0
Haven,adverso,FUR,sova,0.9,211,12,14,4,-2,83%,156,24%,0,0,0,0.86,227,4,6,2,-2,83%,154,17%,0,0,0,0.93,204,8,8,2,0,83%,157,30%,0,0,0,Loss,5,13,18,0,6,6,5,7,12,0,6,6,5,7,12,0,0,0,0,0,0,0,0,0
Haven,Palla,FUR,neon,0.75,178,11,16,2,-5,56%,124,36%,2,2,0,0.06,54,1,6,1,-5,33%,28,50%,0,1,-1,1.09,240,10,10,1,0,67%,172,35%,2,1,1,Loss,5,13,18,0,6,6,5,7,12,0,6,6,5,7,12,0,0,0,0,0,0,0,0,0
Haven,tuyz,FUR,omen,0.58,97,6,13,6,-7,72%,63,50%,2,2,0,0.16,66,1,6,1,-5,50%,50,29%,0,2,-2,0.79,113,5,7,5,-2,83%,70,71%,2,0,2,Loss,5,13,18,0,6,6,5,7,12,0,6,6,5,7,12,0,0,0,0,0,0,0,0,0
Haven,Urango,FUR,killjoy,0.27,133,7,17,1,-10,44%,89,29%,2,4,-2,0.23,121,2,6,1,-4,50%,83,38%,0,1,-1,0.28,139,5,11,0,-6,42%,92,26%,2,3,-1,Loss,5,13,18,0,6,6,5,7,12,0,6,6,5,7,12,0,0,0,0,0,0,0,0,0
Bind,OXY,C9,raze,1.78,339,21,7,5,14,82%,190,12%,4,1,3,1.37,319,6,3,2,3,60%,176,5%,0,1,-1,1.95,348,15,4,3,11,92%,196,17%,4,0,4,Win,13,4,17,4,1,5,9,3,12,4,1,5,9,3,12,0,0,0,0,0,0,0,0,0
Bind,Xeppaa,C9,vyse,1.64,357,22,10,7,12,88%,223,31%,5,0,5,1.1,248,6,3,0,3,60%,135,29%,2,0,2,1.87,403,16,7,7,9,100%,259,32%,3,0,3,Win,13,4,17,4,1,5,9,3,12,4,1,5,9,3,12,0,0,0,0,0,0,0,0,0
Bind,v1c,C9,brimstone,1.48,202,13,5,9,8,94%,139,24%,1,1,0,1.54,294,5,3,1,2,100%,168,23%,1,0,1,1.46,164,8,2,8,6,92%,127,25%,0,1,-1,Win,13,4,17,4,1,5,9,3,12,4,1,5,9,3,12,0,0,0,0,0,0,0,0,0
Bind,neT,C9,viper,1.26,173,12,5,2,7,82%,109,47%,1,2,-1,1.63,230,4,1,0,3,80%,166,63%,0,1,-1,1.11,150,8,4,2,4,83%,85,36%,1,1,0,Win,13,4,17,4,1,5,9,3,12,4,1,5,9,3,12,0,0,0,0,0,0,0,0,0
Bind,mitch,C9,skye,1.02,131,6,7,10,-1,88%,95,19%,1,1,0,1.05,125,2,2,3,0,80%,76,22%,0,0,0,1,135,4,5,7,-1,92%,103,18%,1,1,0,Win,13,4,17,4,1,5,9,3,12,4,1,5,9,3,12,0,0,0,0,0,0,0,0,0
Bind,tuyz,FUR,brimstone,0.72,104,6,13,8,-7,47%,74,55%,0,2,-2,0.58,79,3,9,5,-6,50%,48,75%,0,2,-2,1.06,165,3,4,3,-1,40%,136,43%,0,0,0,Loss,4,13,17,3,9,12,1,4,5,3,9,12,1,4,5,0,0,0,0,0,0,0,0,0
Bind,adverso,FUR,deadlock,0.61,142,8,15,3,-7,35%,80,24%,2,5,-3,0.26,67,3,11,1,-8,25%,34,50%,1,3,-2,1.45,325,5,4,2,1,60%,188,19%,1,2,-1,Loss,4,13,17,3,9,12,1,4,5,3,9,12,1,4,5,0,0,0,0,0,0,0,0,0
Bind,heat,FUR,viper,0.59,120,6,15,3,-9,53%,99,28%,0,1,-1,0.52,106,4,10,2,-6,58%,77,31%,0,1,-1,0.76,155,2,5,1,-3,40%,150,25%,0,0,0,Loss,4,13,17,3,9,12,1,4,5,3,9,12,1,4,5,0,0,0,0,0,0,0,0,0
Bind,Palla,FUR,raze,0.57,164,8,16,3,-8,35%,111,18%,1,3,-2,0.72,190,7,11,1,-4,33%,127,23%,0,2,-2,0.21,103,1,5,2,-4,40%,74,0%,1,1,0,Loss,4,13,17,3,9,12,1,4,5,3,9,12,1,4,5,0,0,0,0,0,0,0,0,0
Bind,Urango,FUR,skye,0.37,102,6,15,4,-9,47%,50,14%,2,1,1,0.58,127,5,10,4,-5,58%,60,11%,2,1,1,0.02,46,1,5,0,-4,20%,26,50%,0,0,0,Loss,4,13,17,3,9,12,1,4,5,3,9,12,1,4,5,0,0,0,0,0,0,0,0,0
Bind,Sato,LEV,yoru,1.87,375,31,15,4,16,83%,239,47%,8,1,7,1.69,410,15,8,3,7,100%,249,53%,5,0,5,2.03,343,16,7,1,9,67%,230,41%,3,1,2,Win,13,10,23,8,3,11,5,7,12,8,3,11,5,7,12,0,0,0,0,0,0,0,0,0
Bind,Okeanos,LEV,brimstone,1.03,220,18,17,11,1,78%,124,45%,3,1,2,0.94,196,8,8,5,0,91%,109,40%,1,0,1,1.12,244,10,9,6,1,67%,139,50%,2,1,1,Win,13,10,23,8,3,11,5,7,12,8,3,11,5,7,12,0,0,0,0,0,0,0,0,0
Bind,tex,LEV,gekko,0.9,157,13,13,4,0,74%,99,39%,3,0,3,1.22,219,9,5,3,4,73%,124,40%,2,0,2,0.6,101,4,8,1,-4,75%,77,38%,1,0,1,Win,13,10,23,8,3,11,5,7,12,8,3,11,5,7,12,0,0,0,0,0,0,0,0,0
Bind,kiNgg,LEV,viper,0.84,112,8,12,8,-4,74%,86,34%,0,0,0,0.82,111,5,5,1,0,73%,75,50%,0,0,0,0.85,113,3,7,7,-4,75%,96,29%,0,0,0,Win,13,10,23,8,3,11,5,7,12,8,3,11,5,7,12,0,0,0,0,0,0,0,0,0
Bind,C0M,LEV,fade,0.74,123,10,14,8,-4,65%,85,37%,2,5,-3,1.1,175,8,5,3,3,73%,113,31%,2,1,1,0.41,77,2,9,5,-7,58%,60,45%,0,4,-4,Win,13,10,23,8,3,11,5,7,12,8,3,11,5,7,12,0,0,0,0,0,0,0,0,0
Bind,Virtyy,LOUD,raze,1.45,311,25,18,3,7,70%,187,19%,5,5,0,1.59,335,15,8,1,7,75%,198,24%,4,3,1,1.3,286,10,10,2,0,64%,176,14%,1,2,-1,Loss,10,13,23,7,5,12,3,8,11,7,5,12,3,8,11,0,0,0,0,0,0,0,0,0
Bind,lukxo,LOUD,viper,1.04,213,17,14,5,3,78%,145,29%,0,0,0,1,222,9,8,3,1,83%,153,19%,0,0,0,1.08,205,8,6,2,2,73%,136,47%,0,0,0,Loss,10,13,23,7,5,12,3,8,11,7,5,12,3,8,11,0,0,0,0,0,0,0,0,0
Bind,RobbieBk,LOUD,skye,0.94,166,12,15,7,-3,78%,117,28%,1,2,-1,1.17,183,7,5,4,2,83%,107,80%,1,1,0,0.7,150,5,10,3,-5,73%,129,10%,0,1,-1,Loss,10,13,23,7,5,12,3,8,11,7,5,12,3,8,11,0,0,0,0,0,0,0,0,0
Bind,pANcada,LOUD,brimstone,0.66,107,9,15,7,-6,61%,68,26%,1,3,-2,0.65,110,5,7,3,-2,67%,67,50%,1,0,1,0.67,105,4,8,4,-4,55%,69,8%,0,3,-3,Loss,10,13,23,7,5,12,3,8,11,7,5,12,3,8,11,0,0,0,0,0,0,0,0,0
Bind,cauanzin,LOUD,gekko,0.47,98,8,18,4,-10,65%,76,24%,0,6,-6,0.58,89,4,7,1,-3,67%,66,44%,0,2,-2,0.35,108,4,11,3,-7,64%,86,15%,0,4,-4,Loss,10,13,23,7,5,12,3,8,11,7,5,12,3,8,11,0,0,0,0,0,0,0,0,0
Ascent,C0M,LEV,sova,1.61,280,22,12,5,10,74%,176,17%,1,0,1,1.11,176,6,7,2,-1,64%,119,28%,0,0,0,2.06,377,16,5,3,11,83%,228,13%,1,0,1,Loss,10,13,23,3,8,11,7,5,12,3,8,11,7,5,12,0,0,0,0,0,0,0,0,0
Ascent,Sato,LEV,jett,1.03,219,17,17,4,0,57%,143,44%,4,7,-3,0.61,170,6,10,1,-4,45%,102,60%,2,6,-4,1.42,265,11,7,3,4,67%,180,39%,2,1,1,Loss,10,13,23,3,8,11,7,5,12,3,8,11,7,5,12,0,0,0,0,0,0,0,0,0
Ascent,tex,LEV,cypher,0.83,172,16,17,1,-1,57%,108,30%,0,2,-2,0.66,159,6,10,0,-4,27%,102,47%,0,2,-2,0.99,185,10,7,1,3,83%,113,21%,0,0,0,Loss,10,13,23,3,8,11,7,5,12,3,8,11,7,5,12,0,0,0,0,0,0,0,0,0
Ascent,Okeanos,LEV,kayo,0.59,109,7,18,14,-11,65%,74,32%,2,2,0,0.36,61,2,10,3,-8,45%,31,40%,1,0,1,0.8,154,5,8,11,-3,83%,114,30%,1,2,-1,Loss,10,13,23,3,8,11,7,5,12,3,8,11,7,5,12,0,0,0,0,0,0,0,0,0
Ascent,kiNgg,LEV,omen,0.55,87,8,16,8,-8,57%,60,35%,2,3,-1,0.52,75,3,9,2,-6,36%,63,50%,0,0,0,0.57,100,5,7,6,-2,75%,57,25%,2,3,-1,Loss,10,13,23,3,8,11,7,5,12,3,8,11,7,5,12,0,0,0,0,0,0,0,0,0
Ascent,lukxo,LOUD,cypher,1.5,280,24,13,4,11,78%,176,36%,6,1,5,1.17,223,9,9,1,0,67%,137,26%,3,0,3,1.86,344,15,4,3,11,91%,219,43%,3,1,2,Win,13,10,23,5,7,12,8,3,11,5,7,12,8,3,11,0,0,0,0,0,0,0,0,0
Ascent,Virtyy,LOUD,jett,1.37,255,19,12,7,7,74%,158,24%,7,4,3,1.01,208,8,9,3,-1,58%,141,35%,3,3,0,1.77,306,11,3,4,8,91%,176,11%,4,1,3,Win,13,10,23,5,7,12,8,3,11,5,7,12,8,3,11,0,0,0,0,0,0,0,0,0
Ascent,cauanzin,LOUD,kayo,0.93,191,15,16,10,-1,61%,131,25%,1,2,-1,0.55,156,6,11,3,-5,42%,104,21%,0,2,-2,1.34,231,9,5,7,4,82%,161,30%,1,0,1,Win,13,10,23,5,7,12,8,3,11,5,7,12,8,3,11,0,0,0,0,0,0,0,0,0
Ascent,RobbieBk,LOUD,sova,0.86,128,12,13,4,-1,74%,88,33%,0,0,0,0.8,106,5,8,3,-3,58%,80,55%,0,0,0,0.92,152,7,5,1,2,91%,98,21%,0,0,0,Win,13,10,23,5,7,12,8,3,11,5,7,12,8,3,11,0,0,0,0,0,0,0,0,0
Ascent,pANcada,LOUD,omen,0.63,131,10,16,6,-6,74%,89,39%,0,2,-2,0.57,145,6,10,2,-4,67%,97,54%,0,1,-1,0.69,118,4,6,4,-2,82%,79,27%,0,1,-1,Win,13,10,23,5,7,12,8,3,11,5,7,12,8,3,11,0,0,0,0,0,0,0,0,0
Icebox,kiNgg,LEV,viper,1.57,279,21,14,7,7,88%,179,29%,0,1,-1,1.72,331,12,8,3,4,92%,208,32%,0,1,-1,1.41,229,9,6,4,3,83%,150,24%,0,0,0,Loss,11,13,24,4,8,12,7,5,12,4,8,12,7,5,12,0,0,0,0,0,0,0,0,0
Icebox,Okeanos,LEV,harbor,1.17,241,20,17,7,3,71%,143,57%,1,2,-1,0.85,175,7,9,3,-2,50%,109,58%,0,2,-2,1.49,308,13,8,4,5,92%,178,57%,1,0,1,Loss,11,13,24,4,8,12,7,5,12,4,8,12,7,5,12,0,0,0,0,0,0,0,0,0
Icebox,tex,LEV,killjoy,0.79,173,17,18,2,-1,71%,113,43%,3,5,-2,0.53,129,6,10,2,-4,67%,71,36%,1,3,-2,1.04,217,11,8,0,3,75%,155,50%,2,2,0,Loss,11,13,24,4,8,12,7,5,12,4,8,12,7,5,12,0,0,0,0,0,0,0,0,0
Icebox,Sato,LEV,jett,0.68,164,14,19,3,-5,58%,106,28%,3,6,-3,0.7,169,7,11,2,-4,58%,119,36%,0,3,-3,0.66,161,7,8,1,-1,58%,94,18%,3,3,0,Loss,11,13,24,4,8,12,7,5,12,4,8,12,7,5,12,0,0,0,0,0,0,0,0,0
Icebox,C0M,LEV,sova,0.48,129,11,21,3,-10,54%,97,25%,1,2,-1,0.22,75,2,11,1,-9,33%,55,13%,0,2,-2,0.74,184,9,10,2,-1,75%,140,30%,1,0,1,Loss,11,13,24,4,8,12,7,5,12,4,8,12,7,5,12,0,0,0,0,0,0,0,0,0
Icebox,pANcada,LOUD,viper,1.54,319,28,16,5,12,79%,205,45%,3,0,3,1.53,317,14,9,2,5,75%,202,56%,1,0,1,1.55,321,14,7,3,7,83%,208,35%,2,0,2,Win,13,11,24,5,7,12,8,4,12,5,7,12,8,4,12,0,0,0,0,0,0,0,0,0
Icebox,lukxo,LOUD,omen,1.17,243,21,17,2,4,79%,151,30%,7,2,5,0.97,178,8,9,0,-1,67%,119,30%,2,2,0,1.37,308,13,8,2,5,92%,183,29%,5,0,5,Win,13,11,24,5,7,12,8,4,12,5,7,12,8,4,12,0,0,0,0,0,0,0,0,0
Icebox,Virtyy,LOUD,jett,0.97,201,17,15,5,2,79%,127,23%,3,4,-1,0.53,164,6,11,2,-5,58%,107,29%,0,3,-3,1.41,239,11,4,3,7,100%,147,17%,3,1,2,Win,13,11,24,5,7,12,8,4,12,5,7,12,8,4,12,0,0,0,0,0,0,0,0,0
Icebox,RobbieBk,LOUD,killjoy,0.68,151,13,18,1,-5,54%,106,28%,2,0,2,0.8,196,8,11,0,-3,50%,133,26%,2,0,2,0.57,108,5,7,1,-2,58%,78,33%,0,0,0,Win,13,11,24,5,7,12,8,4,12,5,7,12,8,4,12,0,0,0,0,0,0,0,0,0
Icebox,cauanzin,LOUD,sova,0.62,134,10,17,8,-7,63%,94,17%,1,2,-1,0.51,105,4,9,3,-5,42%,80,13%,0,2,-2,0.73,164,6,8,5,-2,83%,109,20%,1,0,1,Win,13,11,24,5,7,12,8,4,12,5,7,12,8,4,12,0,0,0,0,0,0,0,0,0
Sunset,supamen,EG,omen,1.01,159,13,14,6,-1,60%,89,41%,1,2,-1,1.09,141,7,7,6,0,67%,74,55%,1,1,0,0.88,186,6,7,0,-1,50%,112,31%,0,1,-1,Loss,7,13,20,6,6,12,1,7,8,6,6,12,1,7,8,0,0,0,0,0,0,0,0,0
Sunset,icy,EG,cypher,0.9,189,14,15,1,-1,65%,139,35%,1,0,1,1.44,259,12,7,1,5,92%,190,48%,1,0,1,0.1,85,2,8,0,-6,25%,62,14%,0,0,0,Loss,7,13,20,6,6,12,1,7,8,6,6,12,1,7,8,0,0,0,0,0,0,0,0,0
Sunset,Derrek,EG,sova,0.88,184,13,15,6,-2,65%,124,41%,0,0,0,1.18,211,9,8,6,1,67%,136,37%,0,0,0,0.43,143,4,7,0,-3,63%,105,50%,0,0,0,Loss,7,13,20,6,6,12,1,7,8,6,6,12,1,7,8,0,0,0,0,0,0,0,0,0
Sunset,NaturE,EG,kayo,0.74,195,13,17,8,-4,80%,110,29%,1,2,-1,0.42,116,5,10,4,-5,75%,62,31%,1,1,0,1.23,317,8,7,4,1,88%,180,27%,0,1,-1,Loss,7,13,20,6,6,12,1,7,8,6,6,12,1,7,8,0,0,0,0,0,0,0,0,0
Sunset,yay,EG,jett,0.66,161,9,17,7,-8,55%,115,21%,6,7,-1,0.78,180,6,9,3,-3,58%,119,17%,3,4,-1,0.47,134,3,8,4,-5,50%,110,30%,3,3,0,Loss,7,13,20,6,6,12,1,7,8,6,6,12,1,7,8,0,0,0,0,0,0,0,0,0
Sunset,spike,2G,neon,1.79,365,27,11,3,16,80%,237,31%,3,3,0,1.46,291,10,4,1,6,88%,170,23%,0,0,0,2.01,415,17,7,2,10,75%,282,35%,3,3,0,Win,13,7,20,7,1,8,6,6,12,7,1,8,6,6,12,0,0,0,0,0,0,0,0,0
Sunset,lz,2G,omen,1.49,257,18,11,11,7,80%,155,43%,4,3,1,1.7,273,8,4,4,4,88%,170,43%,3,1,2,1.34,248,10,7,7,3,75%,146,43%,1,2,-1,Win,13,7,20,7,1,8,6,6,12,7,1,8,6,6,12,0,0,0,0,0,0,0,0,0
Sunset,gobera,2G,breach,1.02,190,12,14,13,-2,75%,127,30%,3,0,3,1.93,336,9,4,6,5,100%,227,33%,2,0,2,0.41,93,3,10,7,-7,58%,61,23%,1,0,1,Win,13,7,20,7,1,8,6,6,12,7,1,8,6,6,12,0,0,0,0,0,0,0,0,0
Sunset,silentzz,2G,cypher,0.83,158,13,12,1,1,70%,106,57%,1,2,-1,0.37,115,4,6,0,-2,63%,86,50%,0,2,-2,1.14,187,9,6,1,3,75%,120,60%,1,0,1,Win,13,7,20,7,1,8,6,6,12,7,1,8,6,6,12,0,0,0,0,0,0,0,0,0
Sunset,pryze,2G,sova,0.65,108,8,14,5,-6,70%,75,15%,0,1,-1,1.11,177,6,5,2,1,100%,116,12%,0,0,0,0.34,63,2,9,3,-7,50%,47,20%,0,1,-1,Win,13,7,20,7,1,8,6,6,12,7,1,8,6,6,12,0,0,0,0,0,0,0,0,0
Lotus,Derrek,EG,chamber,1.59,350,30,15,4,15,79%,242,31%,3,2,1,1.75,424,18,8,3,10,83%,282,27%,2,1,1,1.43,277,12,7,1,5,75%,202,39%,1,1,0,Win,13,11,24,7,5,12,6,6,12,7,5,12,6,6,12,0,0,0,0,0,0,0,0,0
Lotus,icy,EG,raze,1.27,224,20,13,3,7,71%,129,20%,4,2,2,1.3,214,10,6,2,4,75%,123,13%,2,0,2,1.24,235,10,7,1,3,67%,135,31%,2,2,0,Win,13,11,24,7,5,12,6,6,12,7,5,12,6,6,12,0,0,0,0,0,0,0,0,0
Lotus,supamen,EG,viper,0.95,138,10,12,6,-2,67%,98,19%,3,3,0,0.76,89,3,5,1,-2,67%,60,0%,1,2,-1,1.14,188,7,7,5,0,67%,137,29%,2,1,1,Win,13,11,24,7,5,12,6,6,12,7,5,12,6,6,12,0,0,0,0,0,0,0,0,0
Lotus,yay,EG,clove,0.74,204,17,19,8,-2,71%,141,30%,1,3,-2,0.79,211,8,9,3,-1,67%,147,22%,0,2,-2,0.69,198,9,10,5,-1,75%,135,47%,1,1,0,Win,13,11,24,7,5,12,6,6,12,7,5,12,6,6,12,0,0,0,0,0,0,0,0,0
Lotus,NaturE,EG,fade,0.62,102,8,16,11,-8,63%,66,18%,0,3,-3,0.7,86,3,7,7,-4,67%,64,25%,0,2,-2,0.54,120,5,9,4,-4,58%,68,14%,0,1,-1,Win,13,11,24,7,5,12,6,6,12,7,5,12,6,6,12,0,0,0,0,0,0,0,0,0
Lotus,lz,2G,omen,1.13,216,16,16,13,0,63%,138,45%,5,5,0,1,195,7,8,8,-1,67%,121,26%,1,3,-2,1.26,239,9,8,5,1,58%,156,73%,4,2,2,Loss,11,13,24,6,6,12,5,7,12,6,6,12,5,7,12,0,0,0,0,0,0,0,0,0
Lotus,pryze,2G,fade,1.11,218,18,17,9,1,67%,149,19%,0,1,-1,0.85,174,7,9,5,-2,67%,130,22%,0,1,-1,1.38,263,11,8,4,3,67%,168,17%,0,0,0,Loss,11,13,24,6,6,12,5,7,12,6,6,12,5,7,12,0,0,0,0,0,0,0,0,0
Lotus,spike,2G,neon,1.04,225,19,18,2,1,54%,150,20%,6,2,4,1.45,284,12,8,2,4,67%,183,19%,3,0,3,0.63,168,7,10,0,-3,42%,117,24%,3,2,1,Loss,11,13,24,6,6,12,5,7,12,6,6,12,5,7,12,0,0,0,0,0,0,0,0,0
Lotus,silentzz,2G,cypher,0.93,159,13,18,5,-5,58%,105,35%,1,2,-1,1.17,220,9,9,3,0,67%,135,64%,1,1,0,0.68,98,4,9,2,-5,50%,75,17%,0,1,-1,Loss,11,13,24,6,6,12,5,7,12,6,6,12,5,7,12,0,0,0,0,0,0,0,0,0
Lotus,gobera,2G,breach,0.83,119,9,16,13,-7,75%,80,24%,1,1,0,0.75,125,5,9,6,-4,75%,82,20%,1,1,0,0.9,114,4,7,7,-3,75%,78,30%,0,0,0,Loss,11,13,24,6,6,12,5,7,12,6,6,12,5,7,12,0,0,0,0,0,0,0,0,0
Ascent,Derrek,EG,sova,1.55,243,18,12,7,6,55%,177,27%,1,2,-1,1.79,267,11,7,2,4,50%,185,48%,0,1,-1,1.25,216,7,5,5,2,60%,167,16%,1,1,0,Win,13,9,22,5,7,12,8,2,10,5,7,12,8,2,10,0,0,0,0,0,0,0,0,0
Ascent,yay,EG,jett,1.19,230,19,15,3,4,64%,146,30%,4,7,-3,0.5,122,5,10,1,-5,42%,80,50%,1,6,-5,2.01,362,14,5,2,9,90%,224,22%,3,1,2,Win,13,9,22,5,7,12,8,2,10,5,7,12,8,2,10,0,0,0,0,0,0,0,0,0
Ascent,NaturE,EG,kayo,1.15,230,17,15,12,2,82%,156,29%,2,1,1,0.83,168,6,10,6,-4,67%,121,32%,0,0,0,1.54,307,11,5,6,6,100%,198,27%,2,1,1,Win,13,9,22,5,7,12,8,2,10,5,7,12,8,2,10,0,0,0,0,0,0,0,0,0
Ascent,icy,EG,cypher,0.8,109,8,12,6,-4,64%,68,47%,0,1,-1,0.58,131,5,10,2,-5,50%,86,60%,0,1,-1,1.07,83,3,2,4,1,80%,46,29%,0,0,0,Win,13,9,22,5,7,12,8,2,10,5,7,12,8,2,10,0,0,0,0,0,0,0,0,0
Ascent,supamen,EG,omen,0.75,152,11,15,6,-4,73%,95,54%,2,2,0,0.45,103,4,9,2,-5,67%,54,71%,1,2,-1,1.11,213,7,6,4,1,80%,144,47%,1,0,1,Win,13,9,22,5,7,12,8,2,10,5,7,12,8,2,10,0,0,0,0,0,0,0,0,0
Ascent,silentzz,2G,jett,1.69,311,26,11,1,15,77%,190,28%,7,1,6,0.8,194,7,8,0,-1,50%,138,40%,0,1,-1,2.44,409,19,3,1,16,100%,233,19%,7,0,7,Loss,9,13,22,2,8,10,7,5,12,2,8,10,7,5,12,0,0,0,0,0,0,0,0,0
Ascent,spike,2G,kayo,1.01,187,14,15,13,-1,73%,107,18%,1,2,-1,1.01,178,6,8,7,-2,70%,101,17%,1,2,-1,1.01,196,8,7,6,1,75%,113,19%,0,0,0,Loss,9,13,22,2,8,10,7,5,12,2,8,10,7,5,12,0,0,0,0,0,0,0,0,0
Ascent,pryze,2G,sova,0.89,188,14,15,5,-1,68%,125,17%,2,3,-1,0.75,175,6,8,3,-2,70%,124,14%,0,2,-2,1,199,8,7,2,1,67%,126,19%,2,1,1,Loss,9,13,22,2,8,10,7,5,12,2,8,10,7,5,12,0,0,0,0,0,0,0,0,0
Ascent,lz,2G,omen,0.79,153,11,15,11,-4,77%,94,35%,3,0,3,0.57,119,3,9,5,-6,70%,75,27%,2,0,2,0.98,182,8,6,6,2,83%,110,40%,1,0,1,Loss,9,13,22,2,8,10,7,5,12,2,8,10,7,5,12,0,0,0,0,0,0,0,0,0
Ascent,gobera,2G,cypher,0.2,66,4,17,4,-13,45%,51,4%,0,3,-3,0.09,44,1,9,2,-8,40%,31,0%,0,2,-2,0.3,85,3,8,2,-5,50%,68,5%,0,1,-1,Loss,9,13,22,2,8,10,7,5,12,2,8,10,7,5,12,0,0,0,0,0,0,0,0,0
Corrode,aspas,MIBR,raze,1.32,221,17,11,2,6,64%,150,12%,5,3,2,0.68,145,5,7,0,-2,50%,95,33%,1,2,-1,1.85,286,12,4,2,8,75%,195,3%,4,1,3,Win,13,9,22,5,5,10,8,4,12,5,5,10,8,4,12,0,0,0,0,0,0,0,0,0
Corrode,Verno,MIBR,fade,1.18,167,12,10,5,2,73%,114,17%,2,0,2,1.61,222,8,4,1,4,80%,155,28%,1,0,1,0.82,122,4,6,4,-2,67%,80,7%,1,0,1,Win,13,9,22,5,5,10,8,4,12,5,5,10,8,4,12,0,0,0,0,0,0,0,0,0
Corrode,xenom,MIBR,astra,1.08,146,10,10,14,0,82%,99,26%,2,1,1,1,137,4,5,4,-1,70%,81,12%,0,0,0,1.15,155,6,5,10,1,92%,114,41%,2,1,1,Win,13,9,22,5,5,10,8,4,12,5,5,10,8,4,12,0,0,0,0,0,0,0,0,0
Corrode,cortezia,MIBR,vyse,1.04,192,15,13,5,2,68%,132,61%,0,1,-1,0.57,98,4,8,2,-4,40%,87,75%,0,1,-1,1.42,271,11,5,3,6,92%,169,55%,0,0,0,Win,13,9,22,5,5,10,8,4,12,5,5,10,8,4,12,0,0,0,0,0,0,0,0,0
Corrode,artzin,MIBR,yoru,0.76,179,14,15,3,-1,64%,130,15%,2,6,-4,0.73,161,4,7,3,-3,60%,114,11%,1,4,-3,0.79,195,10,8,0,2,67%,144,19%,1,2,-1,Win,13,9,22,5,5,10,8,4,12,5,5,10,8,4,12,0,0,0,0,0,0,0,0,0
Corrode,keznit,KRÜ,omen,1.09,203,13,14,7,-1,77%,132,31%,4,0,4,0.89,164,6,9,3,-3,75%,95,33%,2,0,2,1.32,250,7,5,4,2,80%,177,30%,2,0,2,Loss,9,13,22,4,8,12,5,5,10,4,8,12,5,5,10,0,0,0,0,0,0,0,0,0
Corrode,Melser,KRÜ,fade,1.03,192,15,13,5,2,77%,126,26%,1,1,0,0.91,156,6,8,3,-2,75%,101,19%,0,1,-1,1.16,236,9,5,2,4,80%,157,31%,1,0,1,Loss,9,13,22,4,8,12,5,5,10,4,8,12,5,5,10,0,0,0,0,0,0,0,0,0
Corrode,Mazino,KRÜ,viper,0.9,163,13,13,2,0,64%,124,24%,1,3,-2,0.9,185,8,9,0,-1,58%,134,22%,1,2,-1,0.91,138,5,4,2,1,70%,111,27%,0,1,-1,Loss,9,13,22,4,8,12,5,5,10,4,8,12,5,5,10,0,0,0,0,0,0,0,0,0
Corrode,Shyy,KRÜ,vyse,0.84,138,11,13,2,-2,77%,93,23%,2,3,-1,0.9,138,6,7,1,-1,67%,101,38%,1,1,0,0.76,140,5,6,1,-1,90%,84,11%,1,2,-1,Loss,9,13,22,4,8,12,5,5,10,4,8,12,5,5,10,0,0,0,0,0,0,0,0,0
Corrode,Dantedeu5,KRÜ,neon,0.45,94,7,15,1,-8,59%,71,40%,3,4,-1,0.17,49,2,10,1,-8,42%,35,33%,0,4,-4,0.79,150,5,5,0,0,80%,115,43%,3,0,3,Loss,9,13,22,4,8,12,5,5,10,4,8,12,5,5,10,0,0,0,0,0,0,0,0,0
Ascent,aspas,MIBR,jett,1.37,308,14,12,1,2,71%,196,39%,2,1,1,1.23,290,11,10,0,1,67%,178,38%,2,1,1,2.21,420,3,2,1,1,100%,305,42%,0,0,0,Loss,1,13,14,1,11,12,0,2,2,1,11,12,0,2,2,0,0,0,0,0,0,0,0,0
Ascent,xenom,MIBR,omen,0.66,169,7,13,5,-6,64%,116,45%,1,2,-1,0.73,175,6,11,5,-5,67%,122,39%,0,2,-2,0.19,139,1,2,0,-1,50%,81,100%,1,0,1,Loss,1,13,14,1,11,12,0,2,2,1,11,12,0,2,2,0,0,0,0,0,0,0,0,0
Ascent,cortezia,MIBR,killjoy,0.47,104,5,12,1,-7,50%,71,19%,0,0,0,0.51,98,4,10,0,-6,50%,66,17%,0,0,0,0.25,148,1,2,1,-1,50%,98,25%,0,0,0,Loss,1,13,14,1,11,12,0,2,2,1,11,12,0,2,2,0,0,0,0,0,0,0,0,0
Ascent,artzin,MIBR,kayo,0.25,106,4,14,5,-10,43%,78,16%,0,4,-4,0.13,81,2,12,5,-10,33%,66,9%,0,4,-4,1,260,2,2,0,0,100%,147,67%,0,0,0,Loss,1,13,14,1,11,12,0,2,2,1,11,12,0,2,2,0,0,0,0,0,0,0,0,0
Ascent,Verno,MIBR,sova,0.09,73,3,14,3,-11,50%,44,33%,0,4,-4,0.19,86,3,12,3,-9,58%,52,33%,0,3,-3,0.01,0,0,2,0,-2,0%,0,0%,0,1,-1,Loss,1,13,14,1,11,12,0,2,2,1,11,12,0,2,2,0,0,0,0,0,0,0,0,0
Ascent,keznit,KRÜ,yoru,2.32,423,22,6,8,16,100%,274,16%,4,0,4,0.32,165,1,2,1,-1,100%,108,25%,0,0,0,2.65,467,21,4,7,17,100%,301,15%,4,0,4,Win,13,1,14,2,0,2,11,1,12,2,0,2,11,1,12,0,0,0,0,0,0,0,0,0
Ascent,Melser,KRÜ,omen,1.56,206,12,5,8,7,93%,140,26%,2,0,2,0.81,187,2,2,1,0,100%,100,0%,0,0,0,1.68,210,10,3,7,7,92%,147,30%,2,0,2,Win,13,1,14,2,0,2,11,1,12,2,0,2,11,1,12,0,0,0,0,0,0,0,0,0
Ascent,Mazino,KRÜ,sova,1.27,265,13,8,4,5,79%,174,29%,1,1,0,2.73,459,4,1,0,3,100%,318,42%,0,0,0,1.03,233,9,7,4,2,75%,151,24%,1,1,0,Win,13,1,14,2,0,2,11,1,12,2,0,2,11,1,12,0,0,0,0,0,0,0,0,0
Ascent,Dantedeu5,KRÜ,jett,1.08,200,8,8,6,0,93%,134,19%,2,2,0,1.27,213,1,1,1,0,100%,150,50%,1,1,0,1.04,198,7,7,5,0,92%,131,16%,1,1,0,Win,13,1,14,2,0,2,11,1,12,2,0,2,11,1,12,0,0,0,0,0,0,0,0,0
Ascent,Shyy,KRÜ,cypher,1.03,156,10,6,5,4,86%,87,10%,2,0,2,0.86,212,2,1,1,1,50%,105,20%,0,0,0,1.06,148,8,5,4,3,92%,85,8%,2,0,2,Win,13,1,14,2,0,2,11,1,12,2,0,2,11,1,12,0,0,0,0,0,0,0,0,0
Haven,cortezia,MIBR,cypher,1.12,200,17,16,2,1,59%,135,42%,2,1,1,1.12,165,7,7,1,0,50%,115,33%,0,0,0,1.12,230,10,9,1,1,67%,152,48%,2,1,1,Loss,9,13,22,5,5,10,4,8,12,5,5,10,4,8,12,0,0,0,0,0,0,0,0,0
Haven,artzin,MIBR,iso,0.95,232,17,18,5,-1,59%,152,23%,2,2,0,0.87,244,8,10,4,-2,50%,148,15%,1,2,-1,1.02,223,9,8,1,1,67%,155,31%,1,0,1,Loss,9,13,22,5,5,10,4,8,12,5,5,10,4,8,12,0,0,0,0,0,0,0,0,0
Haven,xenom,MIBR,omen,0.91,193,14,14,6,0,82%,139,29%,1,2,-1,1.18,275,9,8,3,1,80%,196,29%,0,0,0,0.69,125,5,6,3,-1,83%,91,29%,1,2,-1,Loss,9,13,22,5,5,10,4,8,12,5,5,10,4,8,12,0,0,0,0,0,0,0,0,0
Haven,aspas,MIBR,yoru,0.72,150,10,15,3,-5,64%,103,25%,4,3,1,0.32,116,3,9,2,-6,40%,96,23%,1,3,-2,1.05,179,7,6,1,1,83%,109,27%,3,0,3,Loss,9,13,22,5,5,10,4,8,12,5,5,10,4,8,12,0,0,0,0,0,0,0,0,0
Haven,Verno,MIBR,sova,0.42,109,8,16,3,-8,64%,73,44%,2,3,-1,0.43,132,5,9,1,-4,70%,98,44%,1,2,-1,0.42,90,3,7,2,-4,58%,53,43%,1,1,0,Loss,9,13,22,5,5,10,4,8,12,5,5,10,4,8,12,0,0,0,0,0,0,0,0,0
Haven,keznit,KRÜ,iso,1.66,282,22,11,10,11,91%,198,22%,2,2,0,2.14,337,15,4,4,11,92%,217,23%,1,1,0,1.08,216,7,7,6,0,90%,175,20%,1,1,0,Win,13,9,22,8,4,12,5,5,10,8,4,12,5,5,10,0,0,0,0,0,0,0,0,0
Haven,Dantedeu5,KRÜ,yoru,1.12,206,16,13,9,3,82%,131,24%,4,3,1,1.09,176,8,7,4,1,83%,104,31%,2,1,1,1.16,242,8,6,5,2,80%,164,21%,2,2,0,Win,13,9,22,8,4,12,5,5,10,8,4,12,5,5,10,0,0,0,0,0,0,0,0,0
Haven,Melser,KRÜ,omen,1.12,198,16,15,10,1,86%,133,23%,1,3,-2,0.54,111,4,9,5,-5,83%,84,25%,0,3,-3,1.83,302,12,6,5,6,90%,192,22%,1,0,1,Win,13,9,22,8,4,12,5,5,10,8,4,12,5,5,10,0,0,0,0,0,0,0,0,0
Haven,Mazino,KRÜ,sova,1.08,222,16,14,8,2,86%,147,29%,4,3,1,0.66,161,6,8,3,-2,75%,105,14%,1,3,-2,1.59,297,10,6,5,4,100%,198,47%,3,0,3,Win,13,9,22,8,4,12,5,5,10,8,4,12,5,5,10,0,0,0,0,0,0,0,0,0
Haven,Shyy,KRÜ,cypher,0.79,116,9,13,7,-4,82%,89,21%,0,0,0,0.62,74,3,6,2,-3,83%,53,8%,0,0,0,0.98,168,6,7,5,-1,80%,131,29%,0,0,0,Win,13,9,22,8,4,12,5,5,10,8,4,12,5,5,10,0,0,0,0,0,0,0,0,0
Bind,Kess,100T,brimstone,1.38,223,18,15,10,3,78%,140,24%,3,1,2,1.41,218,10,8,2,2,64%,112,22%,2,1,1,1.36,229,8,7,8,1,92%,167,26%,1,0,1,Win,13,10,23,4,7,11,9,3,12,4,7,11,9,3,12,0,0,0,0,0,0,0,0,0
Bind,Cryocells,100T,yoru,1.15,207,18,14,3,4,74%,138,30%,1,2,-1,1.01,235,9,9,1,0,73%,149,24%,0,0,0,1.28,183,9,5,2,4,75%,128,41%,1,2,-1,Win,13,10,23,4,7,11,9,3,12,4,7,11,9,3,12,0,0,0,0,0,0,0,0,0
Bind,zander,100T,viper,1.04,179,16,14,4,2,74%,114,21%,3,1,2,0.46,113,4,9,2,-5,55%,79,20%,1,1,0,1.56,240,12,5,2,7,92%,146,21%,2,0,2,Win,13,10,23,4,7,11,9,3,12,4,7,11,9,3,12,0,0,0,0,0,0,0,0,0
Bind,Asuna,100T,raze,0.96,191,13,16,11,-3,83%,134,15%,2,6,-4,0.59,166,5,10,3,-5,82%,111,21%,2,2,0,1.3,214,8,6,8,2,83%,155,13%,0,4,-4,Win,13,10,23,4,7,11,9,3,12,4,7,11,9,3,12,0,0,0,0,0,0,0,0,0
Bind,eeiu,100T,fade,0.88,169,16,15,4,1,74%,96,27%,2,2,0,0.54,147,5,10,3,-5,73%,96,58%,1,1,0,1.19,189,11,5,1,6,75%,95,10%,1,1,0,Win,13,10,23,4,7,11,9,3,12,4,7,11,9,3,12,0,0,0,0,0,0,0,0,0
Bind,Ethan,NRG,kayo,1.14,225,18,17,11,1,87%,138,29%,2,2,0,0.98,227,10,11,3,-1,83%,146,29%,1,1,0,1.33,223,8,6,8,2,91%,129,30%,1,1,0,Loss,10,13,23,3,9,12,7,4,11,3,9,12,7,4,11,0,0,0,0,0,0,0,0,0
Bind,skuba,NRG,viper,1.11,198,16,13,4,3,70%,145,14%,0,0,0,0.42,110,3,9,1,-6,42%,91,9%,0,0,0,1.87,296,13,4,3,9,100%,203,17%,0,0,0,Loss,10,13,23,3,9,12,7,4,11,3,9,12,7,4,11,0,0,0,0,0,0,0,0,0
Bind,s0m,NRG,brimstone,1.02,205,15,16,17,-1,87%,133,19%,2,3,-1,0.74,138,4,9,12,-5,83%,84,15%,0,2,-2,1.32,280,11,7,5,4,91%,188,22%,2,1,1,Loss,10,13,23,3,9,12,7,4,11,3,9,12,7,4,11,0,0,0,0,0,0,0,0,0
Bind,brawk,NRG,fade,0.82,169,14,18,12,-4,78%,103,16%,3,1,2,0.72,159,6,10,5,-4,67%,101,20%,3,0,3,0.93,181,8,8,7,0,91%,105,13%,0,1,-1,Loss,10,13,23,3,9,12,7,4,11,3,9,12,7,4,11,0,0,0,0,0,0,0,0,0
Bind,mada,NRG,raze,0.62,162,11,17,3,-6,57%,111,28%,5,5,0,0.64,157,5,9,2,-4,50%,114,30%,3,2,1,0.59,169,6,8,1,-2,64%,109,26%,2,3,-1,Loss,10,13,23,3,9,12,7,4,11,3,9,12,7,4,11,0,0,0,0,0,0,0,0,0
Sunset,eeiu,100T,sova,1.8,281,19,6,5,13,82%,189,34%,3,2,1,1.34,147,3,2,1,1,100%,118,27%,0,0,0,1.99,338,16,4,4,12,75%,218,38%,3,2,1,Win,13,4,17,3,2,5,10,2,12,3,2,5,10,2,12,0,0,0,0,0,0,0,0,0
Sunset,zander,100T,omen,1.41,230,16,7,4,9,88%,141,38%,1,0,1,1.77,333,7,3,0,4,80%,191,42%,0,0,0,1.26,187,9,4,4,5,92%,120,35%,1,0,1,Win,13,4,17,3,2,5,10,2,12,3,2,5,10,2,12,0,0,0,0,0,0,0,0,0
Sunset,Asuna,100T,neon,1.38,253,14,9,7,5,82%,162,23%,2,3,-1,0.75,205,3,4,2,-1,60%,147,33%,1,2,-1,1.64,274,11,5,5,6,92%,168,21%,1,1,0,Win,13,4,17,3,2,5,10,2,12,3,2,5,10,2,12,0,0,0,0,0,0,0,0,0
Sunset,Kess,100T,cypher,1.22,227,15,7,3,8,88%,136,35%,2,0,2,0.79,205,4,4,1,0,60%,107,80%,1,0,1,1.4,236,11,3,2,8,100%,148,29%,1,0,1,Win,13,4,17,3,2,5,10,2,12,3,2,5,10,2,12,0,0,0,0,0,0,0,0,0
Sunset,Cryocells,100T,yoru,1.09,218,13,11,6,2,88%,134,24%,4,0,4,0.45,93,1,4,2,-3,80%,76,14%,1,0,1,1.35,270,12,7,4,5,92%,158,26%,3,0,3,Win,13,4,17,3,2,5,10,2,12,3,2,5,10,2,12,0,0,0,0,0,0,0,0,0
Sunset,brawk,NRG,sova,0.9,232,13,16,3,-3,59%,171,14%,0,1,-1,0.87,237,8,12,2,-4,58%,185,10%,0,1,-1,0.99,223,5,4,1,1,60%,139,27%,0,0,0,Loss,4,13,17,2,10,12,2,3,5,2,10,12,2,3,5,0,0,0,0,0,0,0,0,0
Sunset,skuba,NRG,viper,0.85,129,8,13,5,-5,53%,79,23%,0,0,0,0.64,129,5,11,1,-6,33%,83,17%,0,0,0,1.34,133,3,2,4,1,100%,69,50%,0,0,0,Loss,4,13,17,2,10,12,2,3,5,2,10,12,2,3,5,0,0,0,0,0,0,0,0,0
Sunset,Ethan,NRG,omen,0.56,143,6,17,9,-11,53%,107,11%,1,2,-1,0.26,77,2,12,1,-10,42%,73,9%,0,1,-1,1.29,302,4,5,8,-1,80%,189,13%,1,1,0,Loss,4,13,17,2,10,12,2,3,5,2,10,12,2,3,5,0,0,0,0,0,0,0,0,0
Sunset,mada,NRG,neon,0.54,170,9,16,0,-7,47%,106,29%,4,5,-1,0.41,149,5,12,0,-7,42%,105,30%,3,4,-1,0.85,224,4,4,0,0,60%,110,27%,1,1,0,Loss,4,13,17,2,10,12,2,3,5,2,10,12,2,3,5,0,0,0,0,0,0,0,0,0
Sunset,s0m,NRG,deadlock,0.25,80,4,15,3,-11,47%,63,63%,0,4,-4,0.05,72,3,12,2,-9,33%,39,100%,0,3,-3,0.71,102,1,3,1,-2,80%,120,50%,0,1,-1,Loss,4,13,17,2,10,12,2,3,5,2,10,12,2,3,5,0,0,0,0,0,0,0,0,0
Corrode,N4RRATE,SEN,fade,1.35,244,17,13,9,4,90%,149,37%,5,1,4,1.52,236,10,5,6,5,100%,134,26%,3,0,3,1.13,255,7,8,3,-1,78%,168,60%,2,1,1,Win,13,8,21,10,2,12,3,6,9,10,2,12,3,6,9,0,0,0,0,0,0,0,0,0
Corrode,zekken,SEN,neon,1.32,282,22,15,3,7,76%,166,27%,7,3,4,1.71,352,16,7,2,9,92%,208,28%,4,1,3,0.8,189,6,8,1,-2,56%,111,27%,3,2,1,Win,13,8,21,10,2,12,3,6,9,10,2,12,3,6,9,0,0,0,0,0,0,0,0,0
Corrode,bang,SEN,omen,1.3,190,15,8,8,7,81%,118,23%,1,0,1,1.15,174,8,4,4,4,83%,97,26%,1,0,1,1.51,214,7,4,4,3,78%,146,20%,0,0,0,Win,13,8,21,10,2,12,3,6,9,10,2,12,3,6,9,0,0,0,0,0,0,0,0,0
Corrode,johnqt,SEN,viper,1.04,182,14,11,3,3,86%,117,14%,2,0,2,1.45,219,10,4,3,6,100%,146,11%,1,0,1,0.49,134,4,7,0,-3,67%,78,23%,1,0,1,Win,13,8,21,10,2,12,3,6,9,10,2,12,3,6,9,0,0,0,0,0,0,0,0,0
Corrode,Zellsis,SEN,vyse,0.91,193,15,13,2,2,76%,132,18%,2,0,2,1.02,208,10,6,1,4,75%,132,10%,2,0,2,0.76,174,5,7,1,-2,78%,132,28%,0,0,0,Win,13,8,21,10,2,12,3,6,9,10,2,12,3,6,9,0,0,0,0,0,0,0,0,0
Corrode,trent,G2,sova,1.28,281,18,16,4,2,67%,201,28%,1,2,-1,1.49,289,9,5,2,4,100%,204,32%,1,0,1,1.13,275,9,11,2,-2,42%,199,26%,0,2,-2,Loss,8,13,21,6,3,9,2,10,12,6,3,9,2,10,12,0,0,0,0,0,0,0,0,0
Corrode,valyn,G2,omen,0.87,157,12,15,8,-3,57%,106,21%,0,4,-4,1.12,187,7,5,4,2,67%,118,27%,0,2,-2,0.68,135,5,10,4,-5,50%,96,15%,0,2,-2,Loss,8,13,21,6,3,9,2,10,12,6,3,9,2,10,12,0,0,0,0,0,0,0,0,0
Corrode,JonahP,G2,viper,0.78,130,9,15,5,-6,76%,93,30%,2,3,-1,0.98,110,4,4,3,0,78%,86,36%,1,2,-1,0.64,145,5,11,2,-6,75%,99,26%,1,1,0,Loss,8,13,21,6,3,9,2,10,12,6,3,9,2,10,12,0,0,0,0,0,0,0,0,0
Corrode,jawgemo,G2,yoru,0.75,210,14,20,6,-6,57%,151,39%,1,4,-3,1.22,305,9,8,3,1,78%,224,36%,1,1,0,0.39,139,5,12,3,-7,42%,97,42%,0,3,-3,Loss,8,13,21,6,3,9,2,10,12,6,3,9,2,10,12,0,0,0,0,0,0,0,0,0
Corrode,BABYBAY,G2,vyse,0.46,110,7,17,6,-10,62%,83,21%,0,4,-4,0.72,169,5,7,4,-2,78%,129,19%,0,1,-1,0.27,67,2,10,2,-8,50%,49,23%,0,3,-3,Loss,8,13,21,6,3,9,2,10,12,6,3,9,2,10,12,0,0,0,0,0,0,0,0,0
Ascent,N4RRATE,SEN,sova,1.01,230,14,16,6,-2,79%,140,31%,3,1,2,0.73,221,5,6,1,-1,86%,139,40%,2,1,1,1.17,235,9,10,5,-1,75%,141,27%,1,0,1,Loss,6,13,19,3,4,7,3,9,12,3,4,7,3,9,12,0,0,0,0,0,0,0,0,0
Ascent,johnqt,SEN,cypher,0.89,176,10,11,6,-1,58%,120,24%,1,0,1,0.42,92,2,5,1,-3,43%,69,29%,0,0,0,1.17,225,8,6,5,2,67%,149,23%,1,0,1,Loss,6,13,19,3,4,7,3,9,12,3,4,7,3,9,12,0,0,0,0,0,0,0,0,0
Ascent,bang,SEN,omen,0.83,162,10,14,4,-4,68%,100,33%,1,1,0,1.38,220,6,4,1,2,71%,124,50%,1,0,1,0.5,129,4,10,3,-6,67%,86,24%,0,1,-1,Loss,6,13,19,3,4,7,3,9,12,3,4,7,3,9,12,0,0,0,0,0,0,0,0,0
Ascent,Zellsis,SEN,deadlock,0.74,178,12,16,1,-4,58%,108,26%,1,2,-1,0.44,133,3,6,0,-3,57%,89,33%,0,0,0,0.91,205,9,10,1,-1,58%,119,22%,1,2,-1,Loss,6,13,19,3,4,7,3,9,12,3,4,7,3,9,12,0,0,0,0,0,0,0,0,0
Ascent,zekken,SEN,yoru,0.45,129,9,16,2,-7,58%,90,40%,3,6,-3,0.54,148,4,6,1,-2,71%,98,43%,1,2,-1,0.4,120,5,10,1,-5,50%,86,36%,2,4,-2,Loss,6,13,19,3,4,7,3,9,12,3,4,7,3,9,12,0,0,0,0,0,0,0,0,0
Ascent,trent,G2,sova,1.79,311,21,10,8,11,89%,193,37%,3,0,3,1.63,263,11,6,5,5,92%,177,50%,1,0,1,2.07,395,10,4,3,6,86%,220,24%,2,0,2,Win,13,6,19,9,3,12,4,3,7,9,3,12,4,3,7,0,0,0,0,0,0,0,0,0
Ascent,JonahP,G2,vyse,1.26,200,14,9,4,5,84%,128,25%,1,0,1,1.23,213,9,6,3,3,83%,140,17%,0,0,0,1.33,179,5,3,1,2,86%,108,45%,1,0,1,Win,13,6,19,9,3,12,4,3,7,9,3,12,4,3,7,0,0,0,0,0,0,0,0,0
Ascent,valyn,G2,omen,1.07,180,14,12,11,2,63%,100,32%,0,4,-4,0.98,175,9,8,6,1,67%,104,29%,0,2,-2,1.23,189,5,4,5,1,57%,92,38%,0,2,-2,Win,13,6,19,9,3,12,4,3,7,9,3,12,4,3,7,0,0,0,0,0,0,0,0,0
Ascent,BABYBAY,G2,chamber,1.02,164,10,10,4,0,68%,123,26%,4,2,2,1.34,194,8,5,3,3,83%,146,22%,4,1,3,0.47,114,2,5,1,-3,43%,82,40%,0,1,-1,Win,13,6,19,9,3,12,4,3,7,9,3,12,4,3,7,0,0,0,0,0,0,0,0,0
Ascent,jawgemo,G2,yoru,0.82,205,14,14,8,0,74%,140,33%,2,3,-1,0.61,212,9,10,4,-1,67%,137,33%,2,2,0,1.18,194,5,4,4,1,86%,145,31%,0,1,-1,Win,13,6,19,9,3,12,4,3,7,9,3,12,4,3,7,0,0,0,0,0,0,0,0,0
Lotus,Zellsis,SEN,vyse,1.23,191,18,16,6,2,65%,130,33%,2,2,0,1.59,234,12,9,1,3,54%,152,34%,0,1,-1,0.87,149,6,7,5,-1,77%,107,29%,2,1,1,Win,14,12,26,5,8,13,9,4,13,4,8,12,8,4,12,1,0,1,1,0,1,2,0,2
Lotus,zekken,SEN,raze,1.19,277,26,18,4,8,65%,179,24%,4,6,-2,0.57,176,7,12,2,-5,46%,113,33%,2,4,-2,1.82,380,19,6,2,13,85%,245,21%,2,2,0,Win,14,12,26,5,8,13,9,4,13,4,8,12,8,4,12,1,0,1,1,0,1,2,0,2
Lotus,johnqt,SEN,viper,1.06,159,14,15,10,-1,73%,116,15%,1,0,1,0.99,167,7,9,4,-2,62%,107,9%,1,0,1,1.13,153,7,6,6,1,85%,125,21%,0,0,0,Win,14,12,26,5,8,13,9,4,13,4,8,12,8,4,12,1,0,1,1,0,1,2,0,2
Lotus,N4RRATE,SEN,fade,0.88,184,17,18,8,-1,73%,107,10%,4,2,2,0.44,95,4,10,4,-6,62%,67,18%,1,1,0,1.32,274,13,8,4,5,85%,146,7%,3,1,2,Win,14,12,26,5,8,13,9,4,13,4,8,12,8,4,12,1,0,1,1,0,1,2,0,2
Lotus,bang,SEN,omen,0.86,167,16,17,6,-1,62%,108,50%,0,5,-5,0.5,109,4,10,3,-6,46%,78,40%,0,3,-3,1.23,226,12,7,3,5,77%,138,59%,0,2,-2,Win,14,12,26,5,8,13,9,4,13,4,8,12,8,4,12,1,0,1,1,0,1,2,0,2
Lotus,valyn,G2,omen,1.41,275,26,17,8,9,77%,181,23%,3,0,3,1.03,238,10,12,3,-2,62%,154,21%,2,0,2,1.8,313,16,5,5,11,92%,208,25%,1,0,1,Loss,12,14,26,4,9,13,8,5,13,4,8,12,8,4,12,0,1,1,0,1,1,0,2,2
Lotus,jawgemo,G2,yoru,1.11,224,19,17,10,2,69%,145,22%,7,4,3,0.86,219,9,11,2,-2,54%,139,20%,4,3,1,1.37,231,10,6,8,4,85%,150,23%,3,1,2,Loss,12,14,26,4,9,13,8,5,13,4,8,12,8,4,12,0,1,1,0,1,1,0,2,2
Lotus,JonahP,G2,fade,0.88,177,16,20,10,-4,69%,103,19%,1,2,-1,0.78,150,6,11,4,-5,62%,105,32%,0,1,-1,0.98,205,10,9,6,1,77%,102,10%,1,1,0,Loss,12,14,26,4,9,13,8,5,13,4,8,12,8,4,12,0,1,1,0,1,1,0,2,2
Lotus,trent,G2,tejo,0.73,105,10,16,7,-6,62%,66,10%,1,1,0,0.52,81,4,11,5,-7,46%,46,10%,0,1,-1,0.93,130,6,5,2,1,77%,86,9%,1,0,1,Loss,12,14,26,4,9,13,8,5,13,4,8,12,8,4,12,0,1,1,0,1,1,0,2,2
Lotus,BABYBAY,G2,viper,0.64,160,13,21,4,-8,65%,109,21%,3,4,-1,0.47,123,5,12,2,-7,54%,95,28%,0,2,-2,0.81,199,8,9,2,-1,77%,123,17%,3,2,1,Loss,12,14,26,4,9,13,8,5,13,4,8,12,8,4,12,0,1,1,0,1,1,0,2,2
Ascent,pryze,2G,sova,1.17,185,15,14,5,1,67%,139,34%,0,0,0,1.19,177,6,7,2,-1,44%,118,28%,0,0,0,1.15,192,9,7,3,2,83%,154,40%,0,0,0,Loss,8,13,21,2,7,9,6,6,12,2,7,9,6,6,12,0,0,0,0,0,0,0,0,0
Ascent,silentzz,2G,jett,1.01,221,18,15,0,3,57%,132,26%,5,6,-1,0.69,170,6,8,0,-2,44%,111,42%,1,4,-3,1.25,260,12,7,0,5,67%,148,16%,4,2,2,Loss,8,13,21,2,7,9,6,6,12,2,7,9,6,6,12,0,0,0,0,0,0,0,0,0
Ascent,spike,2G,kayo,0.81,184,11,19,11,-8,52%,119,28%,2,3,-1,0.44,106,2,9,4,-7,44%,69,40%,1,1,0,1.08,243,9,10,7,-1,58%,156,23%,1,2,-1,Loss,8,13,21,2,7,9,6,6,12,2,7,9,6,6,12,0,0,0,0,0,0,0,0,0
Ascent,lz,2G,omen,0.76,159,12,18,6,-6,48%,112,41%,0,2,-2,0.56,151,4,9,2,-5,33%,110,36%,0,1,-1,0.9,167,8,9,4,-1,58%,113,44%,0,1,-1,Loss,8,13,21,2,7,9,6,6,12,2,7,9,6,6,12,0,0,0,0,0,0,0,0,0
Ascent,gobera,2G,cypher,0.32,121,7,19,6,-12,52%,82,40%,1,2,-1,0.13,97,2,9,2,-7,33%,72,20%,1,0,1,0.47,139,5,10,4,-5,67%,90,53%,0,2,-2,Loss,8,13,21,2,7,9,6,6,12,2,7,9,6,6,12,0,0,0,0,0,0,0,0,0
Ascent,jawgemo,G2,yoru,1.48,287,22,12,6,10,81%,180,19%,3,3,0,1.56,354,16,9,2,7,75%,216,21%,2,2,0,1.37,200,6,3,4,3,89%,131,14%,1,1,0,Win,13,8,21,6,6,12,7,2,9,6,6,12,7,2,9,0,0,0,0,0,0,0,0,0
Ascent,trent,G2,sova,1.2,229,18,12,9,6,81%,140,31%,1,1,0,0.9,170,7,8,5,-1,75%,109,19%,0,0,0,1.59,309,11,4,4,7,89%,181,50%,1,1,0,Win,13,8,21,6,6,12,7,2,9,6,6,12,7,2,9,0,0,0,0,0,0,0,0,0
Ascent,JonahP,G2,vyse,1.17,227,19,14,4,5,71%,148,22%,2,0,2,0.64,149,6,10,4,-4,50%,98,15%,0,0,0,1.89,332,13,4,0,9,100%,213,27%,2,0,2,Win,13,8,21,6,6,12,7,2,9,6,6,12,7,2,9,0,0,0,0,0,0,0,0,0
Ascent,valyn,G2,omen,1,154,11,11,10,0,81%,89,28%,2,0,2,0.85,121,5,7,6,-2,75%,69,15%,1,0,1,1.2,199,6,4,4,2,89%,116,50%,1,0,1,Win,13,8,21,6,6,12,7,2,9,6,6,12,7,2,9,0,0,0,0,0,0,0,0,0
Ascent,BABYBAY,G2,chamber,0.92,187,15,14,5,1,76%,116,18%,5,4,1,0.95,200,9,9,2,0,75%,121,16%,4,3,1,0.87,172,6,5,3,1,78%,108,20%,1,1,0,Win,13,8,21,6,6,12,7,2,9,6,6,12,7,2,9,0,0,0,0,0,0,0,0,0
Haven,silentzz,2G,iso,0.82,205,12,16,2,-4,78%,145,30%,2,2,0,0.82,208,8,10,0,-2,75%,148,26%,2,2,0,0.8,199,4,6,2,-2,83%,140,40%,0,0,0,Loss,5,13,18,4,8,12,1,5,6,4,8,12,1,5,6,0,0,0,0,0,0,0,0,0
Haven,pryze,2G,sova,0.79,167,9,16,3,-7,56%,131,27%,2,0,2,0.6,152,5,11,1,-6,58%,115,19%,2,0,2,1.16,199,4,5,2,-1,50%,163,36%,0,0,0,Loss,5,13,18,4,8,12,1,5,6,4,8,12,1,5,6,0,0,0,0,0,0,0,0,0
Haven,spike,2G,yoru,0.75,211,13,16,3,-3,56%,146,47%,3,3,0,0.96,238,10,10,2,0,58%,167,48%,2,0,2,0.32,158,3,6,1,-3,50%,104,44%,1,3,-2,Loss,5,13,18,4,8,12,1,5,6,4,8,12,1,5,6,0,0,0,0,0,0,0,0,0
Haven,gobera,2G,cypher,0.69,136,9,15,1,-6,56%,94,42%,1,1,0,0.65,132,6,10,1,-4,50%,96,36%,1,1,0,0.77,144,3,5,0,-2,67%,90,60%,0,0,0,Loss,5,13,18,4,8,12,1,5,6,4,8,12,1,5,6,0,0,0,0,0,0,0,0,0
Haven,lz,2G,omen,0.6,115,6,14,10,-8,61%,75,53%,1,3,-2,0.7,113,4,8,7,-4,58%,71,50%,0,2,-2,0.4,121,2,6,3,-4,67%,82,60%,1,1,0,Loss,5,13,18,4,8,12,1,5,6,4,8,12,1,5,6,0,0,0,0,0,0,0,0,0
Haven,valyn,G2,omen,1.8,344,23,9,7,14,89%,203,19%,1,1,0,2.05,340,8,2,2,6,100%,212,30%,0,0,0,1.67,347,15,7,5,8,83%,198,14%,1,1,0,Win,13,5,18,5,1,6,8,4,12,5,1,6,8,4,12,0,0,0,0,0,0,0,0,0
Haven,JonahP,G2,viper,1.76,294,19,8,10,11,89%,182,19%,3,1,2,2.13,355,7,2,6,5,100%,229,19%,1,0,1,1.58,265,12,6,4,6,83%,159,20%,2,1,1,Win,13,5,18,5,1,6,8,4,12,5,1,6,8,4,12,0,0,0,0,0,0,0,0,0
Haven,trent,G2,fade,1.4,241,19,10,5,9,89%,138,24%,3,1,2,2.12,423,11,4,4,7,100%,205,17%,2,0,2,1.04,151,8,6,1,2,83%,104,32%,1,1,0,Win,13,5,18,5,1,6,8,4,12,5,1,6,8,4,12,0,0,0,0,0,0,0,0,0
Haven,BABYBAY,G2,vyse,0.8,129,8,9,8,-1,72%,87,15%,0,4,-4,0.54,68,1,3,2,-2,67%,56,0%,0,1,-1,0.93,160,7,6,6,1,75%,102,20%,0,3,-3,Win,13,5,18,5,1,6,8,4,12,5,1,6,8,4,12,0,0,0,0,0,0,0,0,0
Haven,jawgemo,G2,yoru,0.64,134,8,13,6,-5,72%,101,11%,2,2,0,0.09,70,1,5,4,-4,67%,44,0%,1,1,0,0.91,167,7,8,2,-1,75%,129,14%,1,1,0,Win,13,5,18,5,1,6,8,4,12,5,1,6,8,4,12,0,0,0,0,0,0,0,0,0
Sunset,adverso,FUR,sova,1.02,236,13,15,3,-2,65%,156,27%,0,1,-1,0.55,175,6,12,0,-6,58%,130,22%,0,1,-1,2.15,382,7,3,3,4,80%,219,32%,0,0,0,Loss,4,13,17,2,10,12,2,3,5,2,10,12,2,3,5,0,0,0,0,0,0,0,0,0
Sunset,heat,FUR,viper,0.64,158,10,13,0,-3,65%,106,24%,0,1,-1,0.69,151,7,9,0,-2,50%,94,17%,0,1,-1,0.54,176,3,4,0,-1,100%,133,36%,0,0,0,Loss,4,13,17,2,10,12,2,3,5,2,10,12,2,3,5,0,0,0,0,0,0,0,0,0
Sunset,tuyz,FUR,omen,0.58,153,10,16,5,-6,65%,90,43%,1,3,-2,0.38,107,6,11,0,-5,67%,62,50%,1,2,-1,1.09,264,4,5,5,-1,60%,158,38%,0,1,-1,Loss,4,13,17,2,10,12,2,3,5,2,10,12,2,3,5,0,0,0,0,0,0,0,0,0
Sunset,Palla,FUR,neon,0.52,191,11,18,0,-7,53%,111,39%,2,7,-5,0.61,209,8,13,0,-5,42%,123,35%,2,5,-3,0.33,150,3,5,0,-2,80%,82,60%,0,2,-2,Loss,4,13,17,2,10,12,2,3,5,2,10,12,2,3,5,0,0,0,0,0,0,0,0,0
Sunset,Urango,FUR,sage,0.44,93,5,14,4,-9,71%,77,36%,0,2,-2,0.57,113,4,10,4,-6,83%,87,35%,0,0,0,0.14,46,1,4,0,-3,40%,52,40%,0,2,-2,Loss,4,13,17,2,10,12,2,3,5,2,10,12,2,3,5,0,0,0,0,0,0,0,0,0
Sunset,zekken,SEN,neon,1.76,399,24,12,3,12,88%,237,19%,7,0,7,1.25,312,6,4,1,2,80%,177,29%,1,0,1,1.97,435,18,8,2,10,92%,262,16%,6,0,6,Win,13,4,17,3,2,5,10,2,12,3,2,5,10,2,12,0,0,0,0,0,0,0,0,0
Sunset,N4RRATE,SEN,fade,1.53,285,17,10,9,7,94%,195,35%,4,1,3,1.4,280,5,4,3,1,80%,192,33%,2,0,2,1.58,288,12,6,6,6,100%,197,35%,2,1,1,Win,13,4,17,3,2,5,10,2,12,3,2,5,10,2,12,0,0,0,0,0,0,0,0,0
Sunset,Zellsis,SEN,breach,1.35,204,12,9,15,3,100%,138,26%,0,0,0,1.08,176,3,3,2,0,100%,95,33%,0,0,0,1.45,217,9,6,13,3,100%,156,24%,0,0,0,Win,13,4,17,3,2,5,10,2,12,3,2,5,10,2,12,0,0,0,0,0,0,0,0,0
Sunset,bang,SEN,omen,1.14,209,13,11,8,2,88%,134,40%,3,1,2,0.24,131,2,5,1,-3,60%,83,29%,2,0,2,1.51,242,11,6,7,5,100%,155,43%,1,1,0,Win,13,4,17,3,2,5,10,2,12,3,2,5,10,2,12,0,0,0,0,0,0,0,0,0
Sunset,johnqt,SEN,cypher,1.06,143,10,7,3,3,71%,93,32%,0,1,-1,1.78,255,5,2,0,3,80%,179,50%,0,0,0,0.76,97,5,5,3,0,67%,57,15%,0,1,-1,Win,13,4,17,3,2,5,10,2,12,3,2,5,10,2,12,0,0,0,0,0,0,0,0,0
Icebox,heat,FUR,viper,1.02,251,9,13,5,-4,85%,155,35%,3,1,2,0.03,0,0,1,0,-1,100%,0,0%,0,0,0,1.1,272,9,12,5,-3,83%,167,35%,3,1,2,Loss,0,13,13,0,1,1,0,12,12,0,1,1,0,12,12,0,0,0,0,0,0,0,0,0
Icebox,Palla,FUR,waylay,0.92,223,9,12,2,-3,69%,145,34%,2,1,1,0.02,84,0,1,1,-1,100%,84,100%,0,1,-1,1,235,9,11,1,-2,67%,150,32%,2,0,2,Loss,0,13,13,0,1,1,0,12,12,0,1,1,0,12,12,0,0,0,0,0,0,0,0,0
Icebox,adverso,FUR,sova,0.76,153,8,12,1,-4,46%,95,17%,0,0,0,2.8,714,3,1,0,2,100%,292,14%,0,0,0,0.59,107,5,11,1,-6,42%,79,18%,0,0,0,Loss,0,13,13,0,1,1,0,12,12,0,1,1,0,12,12,0,0,0,0,0,0,0,0,0
Icebox,tuyz,FUR,omen,0.16,79,3,13,2,-10,46%,69,30%,0,2,-2,0.03,0,0,1,0,-1,100%,0,0%,0,0,0,0.17,87,3,12,2,-9,42%,74,30%,0,2,-2,Loss,0,13,13,0,1,1,0,12,12,0,1,1,0,12,12,0,0,0,0,0,0,0,0,0
Icebox,Urango,FUR,killjoy,0.14,95,3,13,2,-10,46%,75,11%,0,4,-4,0.03,130,0,1,1,-1,100%,130,0%,0,0,0,0.15,92,3,12,1,-9,42%,71,13%,0,4,-4,Loss,0,13,13,0,1,1,0,12,12,0,1,1,0,12,12,0,0,0,0,0,0,0,0,0
Icebox,N4RRATE,SEN,sova,1.76,301,15,4,4,11,100%,202,37%,0,0,0,1.63,294,13,4,4,9,100%,200,38%,0,0,0,3.3,393,2,0,0,2,100%,225,25%,0,0,0,Win,13,0,13,12,0,12,1,0,1,12,0,12,1,0,1,0,0,0,0,0,0,0,0,0
Icebox,Zellsis,SEN,killjoy,1.6,330,17,8,3,9,85%,200,23%,2,2,0,1.57,314,15,7,3,8,83%,199,20%,1,2,-1,1.85,535,2,1,0,1,100%,213,50%,1,0,1,Win,13,0,13,12,0,12,1,0,1,12,0,12,1,0,1,0,0,0,0,0,0,0,0,0
Icebox,bang,SEN,viper,1.37,259,11,6,5,5,92%,156,17%,3,1,2,1.4,278,11,6,5,5,92%,166,17%,3,1,2,0.93,30,0,0,0,0,100%,30,0%,0,0,0,Win,13,0,13,12,0,12,1,0,1,12,0,12,1,0,1,0,0,0,0,0,0,0,0,0
Icebox,johnqt,SEN,sage,1.24,162,9,5,8,4,92%,112,27%,0,0,0,1.33,168,9,4,6,5,92%,115,32%,0,0,0,0.17,99,0,1,2,-1,100%,74,0%,0,0,0,Win,13,0,13,12,0,12,1,0,1,12,0,12,1,0,1,0,0,0,0,0,0,0,0,0
Icebox,zekken,SEN,jett,0.79,202,11,9,0,2,77%,126,40%,3,2,1,0.8,208,10,8,0,2,75%,132,42%,3,2,1,0.71,141,1,1,0,0,100%,55,0%,0,0,0,Win,13,0,13,12,0,12,1,0,1,12,0,12,1,0,1,0,0,0,0,0,0,0,0,0
Corrode,eeiu,100T,sova,1.47,290,18,9,4,9,82%,200,42%,1,1,0,1.59,253,5,2,1,3,100%,160,43%,0,0,0,1.42,306,13,7,3,6,75%,217,42%,1,1,0,Win,13,4,17,5,0,5,8,4,12,5,0,5,8,4,12,0,0,0,0,0,0,0,0,0
Corrode,Cryocells,100T,chamber,1.46,224,15,5,1,10,94%,139,13%,6,0,6,1.92,336,7,1,0,6,100%,202,7%,2,0,2,1.26,179,8,4,1,4,92%,112,19%,4,0,4,Win,13,4,17,5,0,5,8,4,12,5,0,5,8,4,12,0,0,0,0,0,0,0,0,0
Corrode,Kess,100T,fade,1.4,210,14,6,4,8,82%,123,26%,1,0,1,2.07,256,6,0,1,6,100%,153,23%,0,0,0,1.12,191,8,6,3,2,75%,111,28%,1,0,1,Win,13,4,17,5,0,5,8,4,12,5,0,5,8,4,12,0,0,0,0,0,0,0,0,0
Corrode,Asuna,100T,yoru,1.25,256,15,11,9,4,94%,162,26%,4,2,2,1.13,181,3,3,3,0,100%,118,36%,1,1,0,1.3,288,12,8,6,4,92%,181,23%,3,1,2,Win,13,4,17,5,0,5,8,4,12,5,0,5,8,4,12,0,0,0,0,0,0,0,0,0
Corrode,zander,100T,omen,1.02,174,9,10,14,-1,76%,105,31%,1,1,0,1.8,257,4,1,6,3,100%,140,33%,1,0,1,0.69,140,5,9,8,-4,67%,91,29%,0,1,-1,Win,13,4,17,5,0,5,8,4,12,5,0,5,8,4,12,0,0,0,0,0,0,0,0,0
Corrode,Dantedeu5,KRÜ,neon,0.84,210,11,15,4,-4,65%,131,25%,2,4,-2,1.07,247,10,10,3,0,75%,147,22%,2,3,-1,0.28,120,1,5,1,-4,40%,93,50%,0,1,-1,Loss,4,13,17,4,8,12,0,5,5,4,8,12,0,5,5,0,0,0,0,0,0,0,0,0
Corrode,keznit,KRÜ,omen,0.79,189,10,14,5,-4,59%,126,26%,1,4,-3,0.94,190,8,9,3,-1,67%,119,21%,1,2,-1,0.44,188,2,5,2,-3,40%,142,40%,0,2,-2,Loss,4,13,17,4,8,12,0,5,5,4,8,12,0,5,5,0,0,0,0,0,0,0,0,0
Corrode,Shyy,KRÜ,vyse,0.76,203,10,14,3,-4,59%,137,23%,0,2,-2,0.78,187,7,9,2,-2,50%,126,35%,0,2,-2,0.7,243,3,5,1,-2,80%,163,11%,0,0,0,Loss,4,13,17,4,8,12,0,5,5,4,8,12,0,5,5,0,0,0,0,0,0,0,0,0
Corrode,Melser,KRÜ,fade,0.52,80,4,13,6,-9,47%,52,21%,1,2,-1,0.66,93,3,8,6,-5,58%,61,17%,0,1,-1,0.19,52,1,5,0,-4,20%,31,100%,1,1,0,Loss,4,13,17,4,8,12,0,5,5,4,8,12,0,5,5,0,0,0,0,0,0,0,0,0
Corrode,Mazino,KRÜ,viper,0.46,119,6,15,6,-9,59%,64,29%,0,1,-1,0.65,164,6,10,5,-4,67%,88,31%,0,1,-1,0.03,11,0,5,1,-5,40%,6,0%,0,0,0,Loss,4,13,17,4,8,12,0,5,5,4,8,12,0,5,5,0,0,0,0,0,0,0,0,0
Bind,Asuna,100T,raze,1.64,316,19,8,5,11,72%,216,18%,1,3,-2,1.64,354,14,6,3,8,67%,239,26%,1,3,-2,1.64,242,5,2,2,3,83%,171,7%,0,0,0,Win,13,5,18,8,4,12,5,1,6,8,4,12,5,1,6,0,0,0,0,0,0,0,0,0
Bind,zander,100T,viper,1.54,311,19,9,3,10,83%,193,18%,5,2,3,1.63,333,14,6,0,8,83%,207,26%,2,1,1,1.36,268,5,3,3,2,83%,164,5%,3,1,2,Win,13,5,18,8,4,12,5,1,6,8,4,12,5,1,6,0,0,0,0,0,0,0,0,0
Bind,Kess,100T,brimstone,1.19,145,9,7,11,2,83%,85,33%,0,0,0,1.09,108,4,5,8,-1,75%,68,44%,0,0,0,1.4,221,5,2,3,3,100%,119,27%,0,0,0,Win,13,5,18,8,4,12,5,1,6,8,4,12,5,1,6,0,0,0,0,0,0,0,0,0
Bind,eeiu,100T,fade,1.03,136,9,8,7,1,83%,84,30%,1,0,1,1.06,146,6,6,6,0,75%,92,36%,1,0,1,0.99,117,3,2,1,1,100%,68,17%,0,0,0,Win,13,5,18,8,4,12,5,1,6,8,4,12,5,1,6,0,0,0,0,0,0,0,0,0
Bind,Cryocells,100T,yoru,0.81,151,11,11,5,0,72%,90,14%,3,3,0,0.56,125,5,8,3,-3,75%,76,3%,1,3,-2,1.31,203,6,3,2,3,67%,119,50%,2,0,2,Win,13,5,18,8,4,12,5,1,6,8,4,12,5,1,6,0,0,0,0,0,0,0,0,0
Bind,Melser,KRÜ,brimstone,0.95,181,11,14,5,-3,61%,126,21%,1,0,1,1,181,4,5,1,-1,67%,112,43%,0,0,0,0.92,182,7,9,4,-2,58%,133,17%,1,0,1,Loss,5,13,18,1,5,6,4,8,12,1,5,6,4,8,12,0,0,0,0,0,0,0,0,0
Bind,Dantedeu5,KRÜ,raze,0.82,176,10,14,3,-4,61%,119,31%,4,6,-2,0.47,121,2,5,1,-3,67%,72,11%,1,2,-1,0.99,205,8,9,2,-1,58%,142,39%,3,4,-1,Loss,5,13,18,1,5,6,4,8,12,1,5,6,4,8,12,0,0,0,0,0,0,0,0,0
Bind,Shyy,KRÜ,vyse,0.8,139,8,13,3,-5,61%,111,24%,2,1,1,0.34,65,1,5,1,-4,33%,65,25%,0,1,-1,1.03,177,7,8,2,-1,75%,134,24%,2,0,2,Loss,5,13,18,1,5,6,4,8,12,1,5,6,4,8,12,0,0,0,0,0,0,0,0,0
Bind,keznit,KRÜ,skye,0.72,125,7,12,6,-5,56%,71,24%,1,1,0,0.82,181,3,4,1,-1,67%,123,30%,0,0,0,0.66,98,4,8,5,-4,50%,45,18%,1,1,0,Loss,5,13,18,1,5,6,4,8,12,1,5,6,4,8,12,0,0,0,0,0,0,0,0,0
Bind,Mazino,KRÜ,viper,0.55,124,7,14,3,-7,56%,87,27%,0,2,-2,0.48,103,2,5,1,-3,50%,63,67%,0,2,-2,0.58,136,5,9,2,-4,58%,99,22%,0,0,0,Loss,5,13,18,1,5,6,4,8,12,1,5,6,4,8,12,0,0,0,0,0,0,0,0,0
Haven,brawk,NRG,sova,1.58,296,19,8,2,11,88%,188,23%,3,0,3,1.34,215,10,6,0,4,83%,154,24%,1,0,1,2.17,492,9,2,2,7,100%,271,23%,2,0,2,Win,13,4,17,8,4,12,5,0,5,8,4,12,5,0,5,0,0,0,0,0,0,0,0,0
Haven,mada,NRG,neon,1.41,226,16,8,1,8,65%,136,31%,2,3,-1,1.35,249,12,7,1,5,58%,144,24%,2,2,0,1.57,173,4,1,0,3,80%,118,57%,0,1,-1,Win,13,4,17,8,4,12,5,0,5,8,4,12,5,0,5,0,0,0,0,0,0,0,0,0
Haven,s0m,NRG,viper,1.26,225,13,10,9,3,88%,146,32%,1,1,0,1.49,262,10,7,8,3,83%,173,31%,0,1,-1,0.69,137,3,3,1,0,100%,80,40%,1,0,1,Win,13,4,17,8,4,12,5,0,5,8,4,12,5,0,5,0,0,0,0,0,0,0,0,0
Haven,skuba,NRG,killjoy,1.1,142,9,8,2,1,76%,101,36%,0,2,-2,1.19,150,7,5,0,2,75%,102,38%,0,1,-1,0.87,124,2,3,2,-1,80%,98,33%,0,1,-1,Win,13,4,17,8,4,12,5,0,5,8,4,12,5,0,5,0,0,0,0,0,0,0,0,0
Haven,Ethan,NRG,omen,1.04,188,10,10,8,0,82%,119,16%,0,5,-5,0.54,131,3,9,8,-6,75%,87,20%,0,5,-5,2.26,328,7,1,0,6,100%,196,11%,0,0,0,Win,13,4,17,8,4,12,5,0,5,8,4,12,5,0,5,0,0,0,0,0,0,0,0,0
Haven,lukxo,LOUD,cypher,1,195,12,10,4,2,71%,124,18%,2,1,1,0.53,181,3,5,1,-2,60%,129,38%,1,0,1,1.2,201,9,5,3,4,75%,122,13%,1,1,0,Loss,4,13,17,0,5,5,4,8,12,0,5,5,4,8,12,0,0,0,0,0,0,0,0,0
Haven,Virtyy,LOUD,neon,0.74,181,10,15,5,-5,71%,118,27%,5,3,2,0.36,116,2,5,1,-3,80%,64,100%,0,2,-2,0.9,209,8,10,4,-2,67%,140,23%,5,1,4,Loss,4,13,17,0,5,5,4,8,12,0,5,5,4,8,12,0,0,0,0,0,0,0,0,0
Haven,cauanzin,LOUD,breach,0.71,133,7,13,2,-6,59%,101,17%,3,0,3,0.73,158,2,5,1,-3,60%,138,21%,1,0,1,0.7,123,5,8,1,-3,58%,85,13%,2,0,2,Loss,4,13,17,0,5,5,4,8,12,0,5,5,4,8,12,0,0,0,0,0,0,0,0,0
Haven,pANcada,LOUD,omen,0.55,147,9,15,4,-6,53%,94,55%,1,0,1,0.35,90,2,5,2,-3,60%,27,50%,0,0,0,0.63,172,7,10,2,-3,50%,122,56%,1,0,1,Loss,4,13,17,0,5,5,4,8,12,0,5,5,4,8,12,0,0,0,0,0,0,0,0,0
Haven,RobbieBk,LOUD,sova,0.44,106,6,14,4,-8,47%,88,41%,0,2,-2,0.04,58,1,5,0,-4,40%,39,0%,0,1,-1,0.62,127,5,9,4,-4,50%,109,54%,0,1,-1,Loss,4,13,17,0,5,5,4,8,12,0,5,5,4,8,12,0,0,0,0,0,0,0,0,0
Corrode,s0m,NRG,omen,1.36,227,18,12,15,6,73%,158,25%,2,3,-1,1.38,225,10,7,8,3,67%,145,16%,1,2,-1,1.34,230,8,5,7,3,80%,174,47%,1,1,0,Win,13,9,22,7,5,12,6,4,10,7,5,12,6,4,10,0,0,0,0,0,0,0,0,0
Corrode,brawk,NRG,sova,1.28,271,21,14,3,7,73%,177,20%,2,2,0,1.52,293,12,7,2,5,75%,214,26%,0,0,0,0.99,246,9,7,1,2,70%,133,15%,2,2,0,Win,13,9,22,7,5,12,6,4,10,7,5,12,6,4,10,0,0,0,0,0,0,0,0,0
Corrode,skuba,NRG,viper,1.26,201,18,10,3,8,82%,126,31%,2,1,1,1.02,171,8,7,2,1,67%,125,30%,1,1,0,1.55,238,10,3,1,7,100%,127,31%,1,0,1,Win,13,9,22,7,5,12,6,4,10,7,5,12,6,4,10,0,0,0,0,0,0,0,0,0
Corrode,mada,NRG,waylay,1.04,211,15,14,6,1,68%,141,22%,4,4,0,0.55,118,4,9,3,-5,67%,76,25%,2,4,-2,1.62,324,11,5,3,6,70%,218,21%,2,0,2,Win,13,9,22,7,5,12,6,4,10,7,5,12,6,4,10,0,0,0,0,0,0,0,0,0
Corrode,Ethan,NRG,kayo,0.94,129,8,11,12,-3,86%,77,16%,2,0,2,0.96,157,6,7,6,-1,75%,85,20%,1,0,1,0.91,96,2,4,6,-2,100%,67,11%,1,0,1,Win,13,9,22,7,5,12,6,4,10,7,5,12,6,4,10,0,0,0,0,0,0,0,0,0
Corrode,cauanzin,LOUD,vyse,1.33,221,19,11,3,8,68%,152,33%,2,1,1,1.24,232,9,6,2,3,50%,132,29%,0,1,-1,1.4,212,10,5,1,5,83%,169,36%,2,0,2,Loss,9,13,22,4,6,10,5,7,12,4,6,10,5,7,12,0,0,0,0,0,0,0,0,0
Corrode,Virtyy,LOUD,neon,0.81,208,15,18,5,-3,59%,118,27%,5,5,0,0.5,146,4,9,3,-5,50%,82,9%,3,3,0,1.07,260,11,9,2,2,67%,148,43%,2,2,0,Loss,9,13,22,4,6,10,5,7,12,4,6,10,5,7,12,0,0,0,0,0,0,0,0,0
Corrode,lukxo,LOUD,viper,0.65,149,10,17,4,-7,45%,104,30%,1,4,-3,0.96,201,7,7,1,0,50%,138,36%,0,2,-2,0.39,107,3,10,3,-7,42%,75,22%,1,2,-1,Loss,9,13,22,4,6,10,5,7,12,4,6,10,5,7,12,0,0,0,0,0,0,0,0,0
Corrode,pANcada,LOUD,omen,0.58,122,9,19,6,-10,50%,84,30%,1,0,1,0.33,75,2,10,3,-8,40%,54,33%,0,0,0,0.79,163,7,9,3,-2,58%,110,29%,1,0,1,Loss,9,13,22,4,6,10,5,7,12,4,6,10,5,7,12,0,0,0,0,0,0,0,0,0
Corrode,RobbieBk,LOUD,fade,0.58,97,8,15,1,-7,45%,59,35%,1,2,-1,0.2,61,2,8,0,-6,30%,41,40%,0,1,-1,0.9,128,6,7,1,-1,58%,74,33%,1,1,0,Loss,9,13,22,4,6,10,5,7,12,4,6,10,5,7,12,0,0,0,0,0,0,0,0,0
Lotus,OXY,C9,neon,1.4,324,22,15,9,7,95%,229,28%,4,2,2,1.29,297,12,9,6,3,92%,211,36%,0,2,-2,1.58,368,10,6,3,4,100%,257,21%,4,0,4,Win,13,7,20,8,4,12,5,3,8,8,4,12,5,3,8,0,0,0,0,0,0,0,0,0
Lotus,mitch,C9,fade,1.39,244,16,12,12,4,90%,158,22%,3,2,1,0.92,187,8,9,6,-1,83%,127,23%,2,2,0,2.1,329,8,3,6,5,100%,205,21%,1,0,1,Win,13,7,20,8,4,12,5,3,8,8,4,12,5,3,8,0,0,0,0,0,0,0,0,0
Lotus,v1c,C9,omen,1.36,216,18,11,11,7,85%,146,30%,0,0,0,1.31,241,12,8,7,4,75%,154,31%,0,0,0,1.42,180,6,3,4,3,100%,135,29%,0,0,0,Win,13,7,20,8,4,12,5,3,8,8,4,12,5,3,8,0,0,0,0,0,0,0,0,0
Lotus,neT,C9,viper,1.24,201,15,10,7,5,75%,124,43%,3,1,2,1.39,245,10,6,6,4,67%,152,47%,2,1,1,1.01,136,5,4,1,1,88%,82,36%,1,0,1,Win,13,7,20,8,4,12,5,3,8,8,4,12,5,3,8,0,0,0,0,0,0,0,0,0
Lotus,Xeppaa,C9,vyse,1.22,197,15,12,9,3,95%,142,33%,2,3,-1,1.23,207,9,8,6,1,92%,160,38%,0,3,-3,1.19,183,6,4,3,2,100%,114,25%,2,0,2,Win,13,7,20,8,4,12,5,3,8,8,4,12,5,3,8,0,0,0,0,0,0,0,0,0
Lotus,Derrek,EG,tejo,0.83,168,10,15,7,-5,60%,127,25%,0,0,0,1.03,226,4,6,5,-2,63%,173,22%,0,0,0,0.69,129,6,9,2,-3,58%,96,29%,0,0,0,Loss,7,13,20,3,5,8,4,8,12,3,5,8,4,8,12,0,0,0,0,0,0,0,0,0
Lotus,yay,EG,clove,0.76,203,16,18,2,-2,55%,134,35%,1,1,0,0.92,202,6,7,1,-1,38%,142,55%,0,1,-1,0.65,205,10,11,1,-1,67%,129,25%,1,0,1,Loss,7,13,20,3,5,8,4,8,12,3,5,8,4,8,12,0,0,0,0,0,0,0,0,0
Lotus,icy,EG,raze,0.73,180,13,17,4,-4,60%,106,22%,2,6,-4,0.19,91,3,7,2,-4,50%,56,17%,0,6,-6,1.09,240,10,10,2,0,67%,139,26%,2,0,2,Loss,7,13,20,3,5,8,4,8,12,3,5,8,4,8,12,0,0,0,0,0,0,0,0,0
Lotus,supamen,EG,viper,0.7,184,12,18,1,-6,55%,133,31%,4,2,2,0.27,140,4,8,0,-4,38%,92,38%,0,1,-1,0.98,214,8,10,1,-2,67%,160,28%,4,1,3,Loss,7,13,20,3,5,8,4,8,12,3,5,8,4,8,12,0,0,0,0,0,0,0,0,0
Lotus,NaturE,EG,fade,0.69,134,9,18,8,-9,70%,86,22%,1,3,-2,0.52,87,3,7,2,-4,75%,43,22%,0,0,0,0.81,166,6,11,6,-5,67%,114,21%,1,3,-2,Loss,7,13,20,3,5,8,4,8,12,3,5,8,4,8,12,0,0,0,0,0,0,0,0,0
Haven,mitch,C9,skye,1.13,231,15,13,15,2,70%,153,17%,2,1,1,1.6,284,9,4,11,5,82%,186,23%,0,0,0,0.7,184,6,9,4,-3,58%,122,10%,2,1,1,Win,13,10,23,9,2,11,4,8,12,9,2,11,4,8,12,0,0,0,0,0,0,0,0,0
Haven,v1c,C9,omen,1.11,231,18,15,11,3,65%,143,25%,2,3,-1,1.2,234,9,6,3,3,73%,149,32%,1,3,-2,1.02,230,9,9,8,0,58%,137,21%,1,0,1,Win,13,10,23,9,2,11,4,8,12,9,2,11,4,8,12,0,0,0,0,0,0,0,0,0
Haven,neT,C9,viper,1.06,208,17,15,8,2,65%,138,27%,2,3,-1,0.92,204,9,7,1,2,64%,132,23%,2,2,0,1.19,213,8,8,7,0,67%,144,31%,0,1,-1,Win,13,10,23,9,2,11,4,8,12,9,2,11,4,8,12,0,0,0,0,0,0,0,0,0
Haven,OXY,C9,jett,0.9,189,17,14,0,3,61%,109,18%,2,6,-4,1.06,221,10,7,0,3,64%,142,23%,1,2,-1,0.75,160,7,7,0,0,58%,79,8%,1,4,-3,Win,13,10,23,9,2,11,4,8,12,9,2,11,4,8,12,0,0,0,0,0,0,0,0,0
Haven,Xeppaa,C9,killjoy,0.74,153,13,17,4,-4,61%,95,10%,2,0,2,0.88,165,7,8,3,-1,73%,109,15%,0,0,0,0.62,143,6,9,1,-3,50%,82,6%,2,0,2,Win,13,10,23,9,2,11,4,8,12,9,2,11,4,8,12,0,0,0,0,0,0,0,0,0
Haven,Derrek,EG,sova,1.36,243,19,15,7,4,70%,183,27%,4,0,4,1.06,133,6,7,3,-1,67%,111,22%,2,0,2,1.69,363,13,8,4,5,73%,261,29%,2,0,2,Loss,10,13,23,8,4,12,2,9,11,8,4,12,2,9,11,0,0,0,0,0,0,0,0,0
Haven,yay,EG,jett,1.15,208,18,15,3,3,70%,131,25%,5,6,-1,1.42,249,12,7,2,5,75%,165,33%,1,4,-3,0.85,165,6,8,1,-2,64%,93,15%,4,2,2,Loss,10,13,23,8,4,12,2,9,11,8,4,12,2,9,11,0,0,0,0,0,0,0,0,0
Haven,icy,EG,cypher,0.89,150,12,16,5,-4,65%,96,34%,2,0,2,1.16,225,9,8,2,1,75%,145,40%,2,0,2,0.6,70,3,8,3,-5,55%,43,22%,0,0,0,Loss,10,13,23,8,4,12,2,9,11,8,4,12,2,9,11,0,0,0,0,0,0,0,0,0
Haven,supamen,EG,omen,0.87,178,15,17,10,-2,78%,107,32%,2,3,-1,0.94,152,7,7,6,0,75%,88,27%,1,2,-1,0.79,208,8,10,4,-2,82%,128,37%,1,1,0,Loss,10,13,23,8,4,12,2,9,11,8,4,12,2,9,11,0,0,0,0,0,0,0,0,0
Haven,NaturE,EG,breach,0.67,126,10,17,11,-7,61%,75,25%,0,1,-1,1.21,170,8,7,8,1,67%,97,27%,0,0,0,0.07,79,2,10,3,-8,55%,53,21%,0,1,-1,Loss,10,13,23,8,4,12,2,9,11,8,4,12,2,9,11,0,0,0,0,0,0,0,0,0
Lotus,artzin,MIBR,yoru,1.1,233,18,15,4,3,62%,149,20%,4,6,-2,0.68,180,6,7,0,-1,56%,120,21%,2,3,-1,1.41,274,12,8,4,4,67%,172,20%,2,3,-1,Loss,8,13,21,3,6,9,5,7,12,3,6,9,5,7,12,0,0,0,0,0,0,0,0,0
Lotus,cortezia,MIBR,vyse,0.86,182,14,15,2,-1,62%,122,31%,2,2,0,0.9,199,6,7,1,-1,56%,140,25%,1,1,0,0.83,170,8,8,1,0,67%,109,38%,1,1,0,Loss,8,13,21,3,6,9,5,7,12,3,6,9,5,7,12,0,0,0,0,0,0,0,0,0
Lotus,xenom,MIBR,omen,0.73,133,10,15,5,-5,76%,85,43%,2,0,2,0.77,147,4,8,5,-4,67%,96,40%,1,0,1,0.7,123,6,7,0,-1,83%,76,45%,1,0,1,Loss,8,13,21,3,6,9,5,7,12,3,6,9,5,7,12,0,0,0,0,0,0,0,0,0
Lotus,Verno,MIBR,fade,0.64,131,9,16,7,-7,67%,81,24%,1,1,0,0.69,131,3,8,5,-5,67%,90,24%,0,0,0,0.59,132,6,8,2,-2,67%,75,25%,1,1,0,Loss,8,13,21,3,6,9,5,7,12,3,6,9,5,7,12,0,0,0,0,0,0,0,0,0
Lotus,aspas,MIBR,raze,0.61,153,12,16,5,-4,81%,105,24%,2,1,1,0.33,91,4,7,0,-3,56%,63,38%,0,1,-1,0.82,201,8,9,5,-1,100%,136,19%,2,0,2,Loss,8,13,21,3,6,9,5,7,12,3,6,9,5,7,12,0,0,0,0,0,0,0,0,0
Lotus,kiNgg,LEV,viper,1.92,326,25,10,4,15,81%,214,37%,2,3,-1,2.22,326,15,5,1,10,83%,226,45%,0,0,0,1.52,326,10,5,3,5,78%,197,26%,2,3,-1,Win,13,8,21,7,5,12,6,3,9,7,5,12,6,3,9,0,0,0,0,0,0,0,0,0
Lotus,Sato,LEV,raze,1.15,229,16,16,10,0,81%,175,19%,4,4,0,0.89,211,8,10,6,-2,67%,150,23%,3,4,-1,1.51,255,8,6,4,2,100%,209,16%,1,0,1,Win,13,8,21,7,5,12,6,3,9,7,5,12,6,3,9,0,0,0,0,0,0,0,0,0
Lotus,C0M,LEV,fade,1.03,113,8,9,10,-1,86%,79,45%,0,1,-1,1.09,124,6,6,5,0,92%,88,38%,0,1,-1,0.96,100,2,3,5,-1,78%,68,56%,0,0,0,Win,13,8,21,7,5,12,6,3,9,7,5,12,6,3,9,0,0,0,0,0,0,0,0,0
Lotus,Okeanos,LEV,omen,0.96,173,14,12,7,2,81%,108,33%,1,2,-1,0.48,118,5,9,2,-4,67%,81,45%,0,2,-2,1.6,247,9,3,5,6,100%,144,27%,1,0,1,Win,13,8,21,7,5,12,6,3,9,7,5,12,6,3,9,0,0,0,0,0,0,0,0,0
Lotus,tex,LEV,killjoy,0.69,172,13,16,4,-3,67%,108,23%,3,1,2,0.51,121,5,10,2,-5,50%,90,29%,2,0,2,0.93,242,8,6,2,2,89%,131,21%,1,1,0,Win,13,8,21,7,5,12,6,3,9,7,5,12,6,3,9,0,0,0,0,0,0,0,0,0
Sunset,artzin,MIBR,yoru,1.04,236,13,12,2,1,75%,143,37%,5,3,2,0.87,295,4,4,0,0,75%,146,44%,2,1,1,1.1,217,9,8,2,1,75%,142,33%,3,2,1,Loss,3,13,16,0,4,4,3,9,12,0,4,4,3,9,12,0,0,0,0,0,0,0,0,0
Sunset,xenom,MIBR,omen,0.78,164,10,13,4,-3,81%,101,29%,2,0,2,0.54,171,3,4,0,-1,75%,79,17%,0,0,0,0.86,162,7,9,4,-2,83%,109,33%,2,0,2,Loss,3,13,16,0,4,4,3,9,12,0,4,4,3,9,12,0,0,0,0,0,0,0,0,0
Sunset,cortezia,MIBR,cypher,0.56,187,10,16,3,-6,63%,114,37%,0,2,-2,0.52,166,3,4,0,-1,75%,75,50%,0,0,0,0.57,195,7,12,3,-5,58%,127,35%,0,2,-2,Loss,3,13,16,0,4,4,3,9,12,0,4,4,3,9,12,0,0,0,0,0,0,0,0,0
Sunset,aspas,MIBR,raze,0.56,133,7,13,2,-6,63%,98,19%,1,1,0,0.14,127,1,4,1,-3,50%,105,20%,0,1,-1,0.7,136,6,9,1,-3,67%,96,18%,1,0,1,Loss,3,13,16,0,4,4,3,9,12,0,4,4,3,9,12,0,0,0,0,0,0,0,0,0
Sunset,Verno,MIBR,sova,0.35,122,5,14,4,-9,50%,88,31%,1,1,0,0.2,80,1,4,1,-3,50%,58,50%,0,0,0,0.4,136,4,10,3,-6,50%,99,27%,1,1,0,Loss,3,13,16,0,4,4,3,9,12,0,4,4,3,9,12,0,0,0,0,0,0,0,0,0
Sunset,kiNgg,LEV,omen,1.77,295,19,6,3,13,75%,188,39%,2,1,1,1.39,232,11,5,3,6,75%,165,33%,1,1,0,2.9,486,8,1,0,7,75%,258,55%,1,0,1,Win,13,3,16,9,3,12,4,0,4,9,3,12,4,0,4,0,0,0,0,0,0,0,0,0
Sunset,C0M,LEV,sova,1.33,205,12,7,3,5,81%,136,20%,0,0,0,1.13,133,8,6,2,2,75%,125,24%,0,0,0,1.91,423,4,1,1,3,100%,168,11%,0,0,0,Win,13,3,16,9,3,12,4,0,4,9,3,12,4,0,4,0,0,0,0,0,0,0,0,0
Sunset,tex,LEV,vyse,1.26,244,14,11,3,3,81%,161,46%,3,2,1,1.43,247,11,7,2,4,75%,168,48%,3,1,2,0.75,238,3,4,1,-1,100%,140,43%,0,1,-1,Win,13,3,16,9,3,12,4,0,4,9,3,12,4,0,4,0,0,0,0,0,0,0,0,0
Sunset,Sato,LEV,neon,1.17,252,16,11,1,5,69%,158,35%,1,5,-4,1.27,234,13,8,1,5,58%,169,34%,1,4,-3,0.87,307,3,3,0,0,100%,127,38%,0,1,-1,Win,13,3,16,9,3,12,4,0,4,9,3,12,4,0,4,0,0,0,0,0,0,0,0,0
Sunset,Okeanos,LEV,kayo,0.83,135,7,10,13,-3,81%,82,26%,1,1,0,0.81,109,5,7,6,-2,75%,83,18%,0,1,-1,0.9,214,2,3,7,-1,100%,80,100%,1,0,1,Win,13,3,16,9,3,12,4,0,4,9,3,12,4,0,4,0,0,0,0,0,0,0,0,0
Corrode,silentzz,2G,vyse,1.61,255,26,13,8,13,88%,165,47%,2,0,2,1.92,292,15,7,4,8,85%,186,58%,1,0,1,1.3,220,11,6,4,5,92%,143,37%,1,0,1,Loss,12,14,26,5,8,13,7,6,13,5,7,12,7,5,12,0,1,1,0,1,1,0,2,2
Corrode,pryze,2G,fade,1.13,246,20,21,17,-1,85%,170,20%,3,1,2,1,193,8,10,7,-2,85%,145,26%,1,1,0,1.26,300,12,11,10,1,85%,195,16%,2,0,2,Loss,12,14,26,5,8,13,7,6,13,5,7,12,7,5,12,0,1,1,0,1,1,0,2,2
Corrode,gobera,2G,viper,0.79,163,15,17,5,-2,69%,107,23%,2,1,1,0.4,128,5,11,4,-6,62%,85,14%,0,0,0,1.18,199,10,6,1,4,77%,128,31%,2,1,1,Loss,12,14,26,5,8,13,7,6,13,5,7,12,7,5,12,0,1,1,0,1,1,0,2,2
Corrode,spike,2G,neon,0.77,258,22,25,7,-3,77%,151,17%,9,3,6,0.65,234,10,13,2,-3,77%,135,21%,6,1,5,0.89,283,12,12,5,0,77%,168,14%,3,2,1,Loss,12,14,26,5,8,13,7,6,13,5,7,12,7,5,12,0,1,1,0,1,1,0,2,2
Corrode,lz,2G,omen,0.59,114,11,18,8,-7,65%,71,34%,2,3,-1,0.18,49,2,10,4,-8,54%,23,11%,0,3,-3,1.01,181,9,8,4,1,77%,120,45%,2,0,2,Loss,12,14,26,5,8,13,7,6,13,5,7,12,7,5,12,0,1,1,0,1,1,0,2,2
Corrode,adverso,FUR,fade,1.17,257,21,21,13,0,92%,169,20%,2,5,-3,1.1,259,11,12,6,-1,85%,170,26%,1,2,-1,1.23,255,10,9,7,1,100%,168,16%,1,3,-2,Win,14,12,26,6,7,13,8,5,13,5,7,12,7,5,12,1,0,1,1,0,1,2,0,2
Corrode,tuyz,FUR,omen,1.11,177,17,15,9,2,85%,118,37%,1,2,-1,0.86,140,7,9,4,-2,77%,77,86%,0,1,-1,1.37,215,10,6,5,4,92%,158,26%,1,1,0,Win,14,12,26,6,7,13,8,5,13,5,7,12,7,5,12,1,0,1,1,0,1,2,0,2
Corrode,heat,FUR,viper,1.08,191,18,17,7,1,73%,126,40%,2,2,0,0.56,106,5,10,3,-5,54%,86,40%,0,2,-2,1.61,276,13,7,4,6,92%,166,39%,2,0,2,Win,14,12,26,6,7,13,8,5,13,5,7,12,7,5,12,1,0,1,1,0,1,2,0,2
Corrode,Palla,FUR,neon,1.04,269,24,23,6,1,77%,158,26%,3,4,-1,0.83,249,10,13,3,-3,77%,142,22%,2,3,-1,1.25,290,14,10,3,4,77%,175,31%,1,1,0,Win,14,12,26,6,7,13,8,5,13,5,7,12,7,5,12,1,0,1,1,0,1,2,0,2
Corrode,Urango,FUR,sage,0.92,157,14,18,13,-4,73%,89,24%,0,5,-5,1.26,235,10,10,8,0,85%,127,25%,0,2,-2,0.58,81,4,8,5,-4,62%,51,22%,0,3,-3,Win,14,12,26,6,7,13,8,5,13,5,7,12,7,5,12,1,0,1,1,0,1,2,0,2
Sunset,silentzz,2G,cypher,1.83,261,19,5,0,14,88%,176,58%,4,1,3,2.73,342,7,0,0,7,100%,250,58%,1,0,1,1.52,234,12,5,0,7,83%,152,57%,3,1,2,Win,13,3,16,4,0,4,9,3,12,4,0,4,9,3,12,0,0,0,0,0,0,0,0,0
Sunset,gobera,2G,breach,1.48,279,17,8,6,9,88%,184,38%,2,0,2,1.59,293,4,2,2,2,100%,192,31%,2,0,2,1.45,275,13,6,4,7,83%,181,42%,0,0,0,Win,13,3,16,4,0,4,9,3,12,4,0,4,9,3,12,0,0,0,0,0,0,0,0,0
Sunset,pryze,2G,sova,1.41,227,14,7,4,7,81%,153,38%,3,1,2,2.27,277,5,0,2,5,100%,194,31%,0,0,0,1.13,210,9,7,2,2,75%,140,42%,3,1,2,Win,13,3,16,4,0,4,9,3,12,4,0,4,9,3,12,0,0,0,0,0,0,0,0,0
Sunset,spike,2G,neon,1.27,278,14,11,7,3,88%,184,17%,3,1,2,1.11,199,2,2,3,0,75%,137,7%,1,0,1,1.33,305,12,9,4,3,92%,200,21%,2,1,1,Win,13,3,16,4,0,4,9,3,12,4,0,4,9,3,12,0,0,0,0,0,0,0,0,0
Sunset,lz,2G,omen,0.96,164,10,10,8,0,81%,118,55%,0,1,-1,1.14,138,2,2,4,0,100%,50,40%,0,0,0,0.9,173,8,8,4,0,75%,140,59%,0,1,-1,Win,13,3,16,4,0,4,9,3,12,4,0,4,9,3,12,0,0,0,0,0,0,0,0,0
Sunset,heat,FUR,cypher,0.87,218,11,15,2,-4,56%,143,40%,0,2,-2,1.05,261,10,11,2,-1,67%,172,46%,0,1,-1,0.34,90,1,4,0,-3,25%,54,17%,0,1,-1,Loss,3,13,16,3,9,12,0,4,4,3,9,12,0,4,4,0,0,0,0,0,0,0,0,0
Sunset,adverso,FUR,sova,0.79,188,10,15,5,-5,63%,126,10%,2,0,2,0.9,201,8,11,4,-3,67%,137,6%,2,0,2,0.44,152,2,4,1,-2,50%,96,33%,0,0,0,Loss,3,13,16,3,9,12,0,4,4,3,9,12,0,4,4,0,0,0,0,0,0,0,0,0
Sunset,Urango,FUR,breach,0.61,145,8,15,4,-7,56%,99,39%,0,2,-2,0.88,184,8,11,4,-3,75%,122,47%,0,0,0,0.01,29,0,4,0,-4,0%,29,0%,0,2,-2,Loss,3,13,16,3,9,12,0,4,4,3,9,12,0,4,4,0,0,0,0,0,0,0,0,0
Sunset,tuyz,FUR,omen,0.55,141,6,14,8,-8,63%,94,25%,1,3,-2,0.52,140,4,10,7,-6,58%,94,22%,1,3,-2,0.65,149,2,4,1,-2,75%,94,33%,0,0,0,Loss,3,13,16,3,9,12,0,4,4,3,9,12,0,4,4,0,0,0,0,0,0,0,0,0
Sunset,Palla,FUR,neon,0.16,118,6,15,2,-9,44%,77,14%,1,5,-4,0.25,133,5,11,2,-6,50%,86,18%,1,4,-3,0.02,76,1,4,0,-3,25%,48,0%,0,1,-1,Loss,3,13,16,3,9,12,0,4,4,3,9,12,0,4,4,0,0,0,0,0,0,0,0,0
Ascent,gobera,2G,killjoy,2.08,356,21,8,2,13,93%,236,31%,0,1,-1,2.11,381,18,7,1,11,92%,253,31%,0,0,0,0.65,212,2,3,1,-1,100%,132,30%,0,0,0,Win,13,2,15,10,2,12,3,0,3,10,2,12,3,0,3,0,0,0,0,0,0,0,0,0
Ascent,pryze,2G,sova,1.4,252,14,9,4,5,87%,160,25%,1,0,1,1.41,227,10,6,3,4,83%,153,35%,1,0,1,1.96,258,3,1,1,2,100%,171,33%,0,1,-1,Win,13,2,15,10,2,12,3,0,3,10,2,12,3,0,3,0,0,0,0,0,0,0,0,0
Ascent,spike,2G,kayo,1.21,247,13,10,8,3,73%,163,32%,2,3,-1,1.22,252,10,8,7,2,75%,169,30%,2,2,0,1.19,233,3,2,1,1,67%,140,38%,0,1,-1,Win,13,2,15,10,2,12,3,0,3,10,2,12,3,0,3,0,0,0,0,0,0,0,0,0
Ascent,silentzz,2G,jett,0.63,154,8,11,1,-3,67%,118,26%,2,3,-1,0.38,138,5,10,1,-5,67%,112,30%,2,2,0,1.63,220,3,1,0,2,67%,140,0%,0,1,-1,Win,13,2,15,10,2,12,3,0,3,10,2,12,3,0,3,0,0,0,0,0,0,0,0,0
Ascent,lz,2G,omen,0.63,146,8,12,7,-4,80%,101,38%,0,3,-3,0.62,130,6,9,6,-3,75%,94,44%,0,3,-3,1.36,358,4,3,1,1,100%,188,7%,0,0,0,Win,13,2,15,10,2,12,3,0,3,10,2,12,3,0,3,0,0,0,0,0,0,0,0,0
Ascent,Urango,FUR,deadlock,1.09,225,13,12,4,1,67%,142,41%,1,1,0,1.13,251,3,3,1,0,100%,123,75%,0,0,0,1.08,219,10,9,3,1,58%,146,35%,1,1,0,Loss,2,13,15,0,3,3,2,10,12,0,3,3,2,10,12,0,0,0,0,0,0,0,0,0
Ascent,Palla,FUR,yoru,0.9,240,11,13,5,-2,80%,154,23%,5,2,3,2.14,561,6,3,1,3,100%,272,29%,3,0,3,0.59,161,5,10,4,-5,75%,124,19%,2,2,0,Loss,2,13,15,0,3,3,2,10,12,0,3,3,2,10,12,0,0,0,0,0,0,0,0,0
Ascent,heat,FUR,cypher,0.83,188,9,13,5,-4,67%,136,19%,0,1,-1,0.01,29,0,3,1,-3,33%,29,25%,0,0,0,1.09,228,9,10,4,-1,75%,163,18%,0,1,-1,Loss,2,13,15,0,3,3,2,10,12,0,3,3,2,10,12,0,0,0,0,0,0,0,0,0
Ascent,tuyz,FUR,omen,0.73,167,8,12,7,-4,73%,103,32%,3,1,2,0.12,78,0,3,4,-3,100%,45,0%,0,0,0,0.88,190,8,9,3,-1,67%,118,40%,3,1,2,Loss,2,13,15,0,3,3,2,10,12,0,3,3,2,10,12,0,0,0,0,0,0,0,0,0
Ascent,adverso,FUR,sova,0.63,172,9,14,3,-5,67%,126,11%,1,0,1,0.15,129,1,3,2,-2,67%,79,0%,0,0,0,0.75,183,8,11,1,-3,67%,137,15%,1,0,1,Loss,2,13,15,0,3,3,2,10,12,0,3,3,2,10,12,0,0,0,0,0,0,0,0,0
Lotus,C0M,LEV,fade,0.9,145,10,12,3,-2,55%,94,20%,1,1,0,0.7,97,4,8,3,-4,50%,61,7%,1,1,0,1.19,219,6,4,0,2,63%,142,27%,0,0,0,Loss,7,13,20,5,7,12,2,6,8,5,7,12,2,6,8,0,0,0,0,0,0,0,0,0
Lotus,Okeanos,LEV,omen,0.81,181,13,17,4,-4,75%,118,33%,4,3,1,0.95,194,9,9,2,0,75%,112,30%,2,2,0,0.6,164,4,8,2,-4,75%,127,38%,2,1,1,Loss,7,13,20,5,7,12,2,6,8,5,7,12,2,6,8,0,0,0,0,0,0,0,0,0
Lotus,kiNgg,LEV,viper,0.79,159,10,15,3,-5,65%,111,18%,1,1,0,0.5,134,5,10,2,-5,50%,89,15%,0,1,-1,1.24,199,5,5,1,0,88%,145,20%,1,0,1,Loss,7,13,20,5,7,12,2,6,8,5,7,12,2,6,8,0,0,0,0,0,0,0,0,0
Lotus,Sato,LEV,raze,0.76,202,14,17,2,-3,75%,126,26%,5,3,2,1.12,238,10,9,2,1,83%,151,20%,3,1,2,0.23,150,4,8,0,-4,63%,89,40%,2,2,0,Loss,7,13,20,5,7,12,2,6,8,5,7,12,2,6,8,0,0,0,0,0,0,0,0,0
Lotus,tex,LEV,killjoy,0.68,147,11,17,2,-6,60%,122,50%,1,0,1,0.78,158,7,10,1,-3,50%,123,50%,1,0,1,0.53,132,4,7,1,-3,75%,120,50%,0,0,0,Loss,7,13,20,5,7,12,2,6,8,5,7,12,2,6,8,0,0,0,0,0,0,0,0,0
Lotus,brawk,NRG,vyse,1.55,211,15,7,7,8,90%,156,30%,1,0,1,2.13,282,8,1,2,7,100%,208,25%,0,0,0,1.16,166,7,6,5,1,83%,121,37%,1,0,1,Win,13,7,20,6,2,8,7,5,12,6,2,8,7,5,12,0,0,0,0,0,0,0,0,0
Lotus,s0m,NRG,omen,1.22,212,15,11,9,4,85%,123,22%,2,3,-1,1.23,189,6,4,4,2,100%,112,33%,0,2,-2,1.21,228,9,7,5,2,75%,130,18%,2,1,1,Win,13,7,20,6,2,8,7,5,12,6,2,8,7,5,12,0,0,0,0,0,0,0,0,0
Lotus,Ethan,NRG,fade,1.18,240,16,12,8,4,80%,143,20%,0,1,-1,0.56,160,4,7,4,-3,75%,103,12%,0,1,-1,1.59,293,12,5,4,7,83%,170,26%,0,0,0,Win,13,7,20,6,2,8,7,5,12,6,2,8,7,5,12,0,0,0,0,0,0,0,0,0
Lotus,mada,NRG,raze,0.9,236,18,15,1,3,70%,146,41%,5,6,-1,1.4,303,9,5,1,4,88%,191,38%,3,1,2,0.57,192,9,10,0,-1,58%,116,43%,2,5,-3,Win,13,7,20,6,2,8,7,5,12,6,2,8,7,5,12,0,0,0,0,0,0,0,0,0
Lotus,skuba,NRG,viper,0.81,179,14,13,3,1,75%,128,26%,0,2,-2,0.6,161,5,6,0,-1,50%,90,27%,0,1,-1,0.95,192,9,7,3,2,92%,153,26%,0,1,-1,Win,13,7,20,6,2,8,7,5,12,6,2,8,7,5,12,0,0,0,0,0,0,0,0,0
Haven,Sato,LEV,yoru,1.65,332,35,18,3,17,69%,197,27%,5,4,1,1.4,322,16,10,2,6,69%,189,23%,2,4,-2,1.9,343,19,8,1,11,69%,205,31%,3,0,3,Win,14,12,26,6,7,13,8,5,13,5,7,12,7,5,12,1,0,1,1,0,1,2,0,2
Haven,C0M,LEV,sova,1.1,149,10,13,18,-3,85%,118,24%,1,1,0,0.93,137,5,8,5,-3,77%,118,20%,1,0,1,1.27,162,5,5,13,0,92%,118,29%,0,1,-1,Win,14,12,26,6,7,13,8,5,13,5,7,12,7,5,12,1,0,1,1,0,1,2,0,2
Haven,kiNgg,LEV,omen,1.02,192,16,19,17,-3,73%,123,22%,3,1,2,0.63,134,5,11,8,-6,54%,91,26%,0,0,0,1.4,251,11,8,9,3,92%,155,20%,3,1,2,Win,14,12,26,6,7,13,8,5,13,5,7,12,7,5,12,1,0,1,1,0,1,2,0,2
Haven,tex,LEV,cypher,0.79,117,12,15,4,-3,62%,87,34%,1,4,-3,0.69,114,5,9,3,-4,54%,83,38%,0,3,-3,0.9,122,7,6,1,1,69%,90,32%,1,1,0,Win,14,12,26,6,7,13,8,5,13,5,7,12,7,5,12,1,0,1,1,0,1,2,0,2
Haven,Okeanos,LEV,neon,0.74,153,15,20,4,-5,62%,94,25%,1,5,-4,1.09,222,11,10,1,1,54%,134,26%,1,2,-1,0.39,86,4,10,3,-6,69%,53,23%,0,3,-3,Win,14,12,26,6,7,13,8,5,13,5,7,12,7,5,12,1,0,1,1,0,1,2,0,2
Haven,mada,NRG,neon,1.22,279,25,19,0,6,73%,181,28%,11,4,7,0.99,240,11,10,0,1,69%,139,28%,6,2,4,1.45,320,14,9,0,5,77%,222,29%,5,2,3,Loss,12,14,26,5,8,13,7,6,13,5,7,12,7,5,12,0,1,1,0,1,1,0,2,2
Haven,skuba,NRG,killjoy,1.05,211,20,18,3,2,81%,133,19%,2,1,1,0.72,148,7,9,1,-2,85%,101,15%,0,0,0,1.39,275,13,9,2,4,77%,165,23%,2,1,1,Loss,12,14,26,5,8,13,7,6,13,5,7,12,7,5,12,0,1,1,0,1,1,0,2,2
Haven,brawk,NRG,sova,1.04,183,16,16,8,0,77%,137,32%,2,1,1,1.04,171,7,8,5,-1,85%,136,17%,0,0,0,1.04,196,9,8,3,1,69%,139,48%,2,1,1,Loss,12,14,26,5,8,13,7,6,13,5,7,12,7,5,12,0,1,1,0,1,1,0,2,2
Haven,s0m,NRG,viper,0.96,168,17,17,12,0,69%,104,28%,0,3,-3,0.93,165,7,10,8,-3,69%,98,30%,0,3,-3,1,172,10,7,4,3,69%,109,27%,0,0,0,Loss,12,14,26,5,8,13,7,6,13,5,7,12,7,5,12,0,1,1,0,1,1,0,2,2
Haven,Ethan,NRG,omen,0.66,118,7,18,21,-11,81%,91,24%,0,2,-2,0.76,143,5,9,10,-4,77%,107,30%,0,2,-2,0.55,94,2,9,11,-7,85%,75,17%,0,0,0,Loss,12,14,26,5,8,13,7,6,13,5,7,12,7,5,12,0,1,1,0,1,1,0,2,2
Icebox,Sato,LEV,jett,1.3,263,25,16,1,9,67%,180,31%,4,3,1,1.71,388,18,8,1,10,75%,243,31%,3,1,2,0.89,139,7,8,0,-1,58%,117,33%,1,2,-1,Loss,11,13,24,8,4,12,3,9,12,8,4,12,3,9,12,0,0,0,0,0,0,0,0,0
Icebox,Okeanos,LEV,sage,0.95,154,13,15,11,-2,71%,99,30%,2,4,-2,1.36,169,7,5,10,2,92%,108,22%,1,2,-1,0.55,140,6,10,1,-4,50%,89,43%,1,2,-1,Loss,11,13,24,8,4,12,3,9,12,8,4,12,3,9,12,0,0,0,0,0,0,0,0,0
Icebox,tex,LEV,killjoy,0.93,191,18,16,3,2,79%,134,32%,1,3,-2,1,197,9,7,0,2,83%,129,38%,1,2,-1,0.86,187,9,9,3,0,75%,138,27%,0,1,-1,Loss,11,13,24,8,4,12,3,9,12,8,4,12,3,9,12,0,0,0,0,0,0,0,0,0
Icebox,kiNgg,LEV,viper,0.77,159,10,18,11,-8,67%,113,17%,2,2,0,0.51,110,4,9,3,-5,58%,84,11%,0,1,-1,1.03,210,6,9,8,-3,75%,142,21%,2,1,1,Loss,11,13,24,8,4,12,3,9,12,8,4,12,3,9,12,0,0,0,0,0,0,0,0,0
Icebox,C0M,LEV,sova,0.7,121,10,17,7,-7,54%,95,17%,1,2,-1,0.48,82,4,8,5,-4,58%,62,20%,0,1,-1,0.91,161,6,9,2,-3,50%,128,14%,1,1,0,Loss,11,13,24,8,4,12,3,9,12,8,4,12,3,9,12,0,0,0,0,0,0,0,0,0
Icebox,mada,NRG,jett,1.51,303,26,14,2,12,71%,175,31%,7,4,3,1.73,329,14,6,1,8,75%,192,29%,4,0,4,1.29,277,12,8,1,4,67%,158,36%,3,4,-1,Win,13,11,24,9,3,12,4,8,12,9,3,12,4,8,12,0,0,0,0,0,0,0,0,0
Icebox,s0m,NRG,killjoy,1.12,221,18,15,5,3,67%,138,35%,4,2,2,0.68,131,6,8,1,-2,67%,91,35%,2,2,0,1.56,312,12,7,4,5,67%,184,34%,2,0,2,Win,13,11,24,9,3,12,4,8,12,9,3,12,4,8,12,0,0,0,0,0,0,0,0,0
Icebox,skuba,NRG,viper,1.03,222,18,17,3,1,71%,169,27%,2,3,-1,1.24,232,11,7,2,4,75%,185,30%,0,2,-2,0.83,213,7,10,1,-3,67%,154,23%,2,1,1,Win,13,11,24,9,3,12,4,8,12,9,3,12,4,8,12,0,0,0,0,0,0,0,0,0
Icebox,Ethan,NRG,harbor,0.84,152,12,16,9,-4,67%,97,24%,1,1,0,1.19,208,9,7,6,2,75%,132,28%,1,1,0,0.5,97,3,9,3,-6,58%,62,15%,0,0,0,Win,13,11,24,9,3,12,4,8,12,9,3,12,4,8,12,0,0,0,0,0,0,0,0,0
Icebox,brawk,NRG,sova,0.71,103,8,14,12,-6,67%,73,11%,0,0,0,0.86,131,5,6,8,-1,75%,90,3%,0,0,0,0.55,75,3,8,4,-5,58%,57,38%,0,0,0,Win,13,11,24,9,3,12,4,8,12,9,3,12,4,8,12,0,0,0,0,0,0,0,0,0
Lotus,zekken,SEN,raze,1.58,297,19,12,9,7,100%,178,15%,6,3,3,1.56,344,7,5,3,2,100%,212,15%,3,1,2,1.6,274,12,7,6,5,100%,161,14%,3,2,1,Win,13,5,18,4,2,6,9,3,12,4,2,6,9,3,12,0,0,0,0,0,0,0,0,0
Lotus,bang,SEN,omen,1.55,236,18,8,10,10,83%,122,17%,1,2,-1,1.25,178,5,3,3,2,100%,79,0%,0,0,0,1.7,266,13,5,7,8,75%,143,26%,1,2,-1,Win,13,5,18,4,2,6,9,3,12,4,2,6,9,3,12,0,0,0,0,0,0,0,0,0
Lotus,N4RRATE,SEN,fade,1.4,280,18,11,6,7,89%,187,31%,3,1,2,1.44,276,6,4,3,2,100%,197,35%,1,1,0,1.37,284,12,7,3,5,83%,181,30%,2,0,2,Win,13,5,18,4,2,6,9,3,12,4,2,6,9,3,12,0,0,0,0,0,0,0,0,0
Lotus,johnqt,SEN,viper,1.11,160,10,9,9,1,89%,104,20%,0,0,0,1.17,162,4,3,1,1,83%,100,17%,0,0,0,1.09,161,6,6,8,0,92%,107,22%,0,0,0,Win,13,5,18,4,2,6,9,3,12,4,2,6,9,3,12,0,0,0,0,0,0,0,0,0
Lotus,Zellsis,SEN,vyse,0.96,130,8,8,4,0,83%,90,17%,0,2,-2,0.78,84,2,3,1,-1,83%,46,33%,0,0,0,1.06,154,6,5,3,1,83%,112,13%,0,2,-2,Win,13,5,18,4,2,6,9,3,12,4,2,6,9,3,12,0,0,0,0,0,0,0,0,0
Lotus,Xeppaa,C9,vyse,1.03,199,12,13,5,-1,89%,128,20%,3,1,2,0.95,189,8,9,2,-1,83%,111,24%,2,0,2,1.2,222,4,4,3,0,100%,161,17%,1,1,0,Loss,5,13,18,3,9,12,2,4,6,3,9,12,2,4,6,0,0,0,0,0,0,0,0,0
Lotus,mitch,C9,fade,0.75,132,10,13,4,-3,67%,83,21%,0,3,-3,0.64,113,5,9,3,-4,67%,80,14%,0,2,-2,0.96,170,5,4,1,1,67%,87,38%,0,1,-1,Loss,5,13,18,3,9,12,2,4,6,3,9,12,2,4,6,0,0,0,0,0,0,0,0,0
Lotus,v1c,C9,omen,0.6,146,8,16,9,-8,78%,96,14%,2,3,-1,0.64,126,4,10,7,-6,75%,92,13%,2,2,0,0.5,189,4,6,2,-2,83%,105,15%,0,1,-1,Loss,5,13,18,3,9,12,2,4,6,3,9,12,2,4,6,0,0,0,0,0,0,0,0,0
Lotus,neT,C9,viper,0.51,95,6,13,3,-7,61%,63,29%,0,1,-1,0.62,132,5,9,3,-4,58%,92,30%,0,0,0,0.29,24,1,4,0,-3,67%,5,0%,0,1,-1,Loss,5,13,18,3,9,12,2,4,6,3,9,12,2,4,6,0,0,0,0,0,0,0,0,0
Lotus,OXY,C9,neon,0.5,178,12,18,1,-6,72%,120,34%,3,2,1,0.47,185,8,12,0,-4,58%,117,24%,2,2,0,0.58,165,4,6,1,-2,100%,127,75%,1,0,1,Loss,5,13,18,3,9,12,2,4,6,3,9,12,2,4,6,0,0,0,0,0,0,0,0,0
Haven,N4RRATE,SEN,sova,1.61,284,20,12,8,8,86%,193,19%,4,3,1,1.46,254,10,7,5,3,92%,179,27%,4,1,3,1.8,321,10,5,3,5,80%,209,14%,0,2,-2,Win,13,9,22,9,3,12,4,6,10,9,3,12,4,6,10,0,0,0,0,0,0,0,0,0
Haven,bang,SEN,omen,1.19,162,14,12,17,2,91%,93,35%,1,2,-1,1.35,207,10,6,9,4,92%,127,53%,1,0,1,0.99,110,4,6,8,-2,90%,54,14%,0,2,-2,Win,13,9,22,9,3,12,4,6,10,9,3,12,4,6,10,0,0,0,0,0,0,0,0,0
Haven,johnqt,SEN,viper,1.18,208,14,9,12,5,82%,137,11%,1,0,1,1.43,227,9,4,6,5,92%,138,7%,1,0,1,0.87,185,5,5,6,0,70%,135,15%,0,0,0,Win,13,9,22,9,3,12,4,6,10,9,3,12,4,6,10,0,0,0,0,0,0,0,0,0
Haven,Zellsis,SEN,killjoy,0.9,185,15,13,3,2,68%,122,21%,1,2,-1,1.3,231,11,6,0,5,67%,146,25%,1,0,1,0.42,130,4,7,3,-3,70%,93,17%,0,2,-2,Win,13,9,22,9,3,12,4,6,10,9,3,12,4,6,10,0,0,0,0,0,0,0,0,0
Haven,zekken,SEN,neon,0.67,121,9,13,5,-4,64%,79,33%,2,6,-4,0.54,104,4,7,3,-3,58%,59,31%,1,3,-2,0.83,143,5,6,2,-1,70%,103,36%,1,3,-2,Win,13,9,22,9,3,12,4,6,10,9,3,12,4,6,10,0,0,0,0,0,0,0,0,0
Haven,OXY,C9,jett,1.36,298,24,16,1,8,73%,177,45%,7,2,5,1.83,411,15,7,0,8,90%,237,40%,4,0,4,0.97,205,9,9,1,0,58%,128,58%,3,2,1,Loss,9,13,22,6,4,10,3,9,12,6,4,10,3,9,12,0,0,0,0,0,0,0,0,0
Haven,mitch,C9,skye,0.92,170,10,14,11,-4,64%,121,16%,1,3,-2,1.02,135,4,4,5,0,70%,89,31%,1,1,0,0.84,201,6,10,6,-4,58%,148,10%,0,2,-2,Loss,9,13,22,6,4,10,3,9,12,6,4,10,3,9,12,0,0,0,0,0,0,0,0,0
Haven,Xeppaa,C9,killjoy,0.81,148,12,14,0,-2,64%,97,25%,2,2,0,0.93,112,4,4,0,0,80%,89,25%,1,0,1,0.72,179,8,10,0,-2,50%,103,25%,1,2,-1,Loss,9,13,22,6,4,10,3,9,12,6,4,10,3,9,12,0,0,0,0,0,0,0,0,0
Haven,v1c,C9,omen,0.59,90,8,14,3,-6,64%,54,28%,2,0,2,0.57,102,4,7,2,-3,80%,57,20%,2,0,2,0.6,81,4,7,1,-3,50%,51,38%,0,0,0,Loss,9,13,22,6,4,10,3,9,12,6,4,10,3,9,12,0,0,0,0,0,0,0,0,0
Haven,neT,C9,viper,0.49,75,5,14,5,-9,55%,49,19%,1,2,-1,0.35,64,2,6,0,-4,50%,42,11%,1,0,1,0.6,86,3,8,5,-5,58%,55,29%,0,2,-2,Loss,9,13,22,6,4,10,3,9,12,6,4,10,3,9,12,0,0,0,0,0,0,0,0,0
Icebox,aspas,MIBR,jett,1.57,287,24,11,3,13,83%,176,39%,7,3,4,2.22,378,17,3,2,14,100%,227,33%,3,1,2,0.86,189,7,8,1,-1,64%,120,50%,4,2,2,Win,13,10,23,9,3,12,4,7,11,9,3,12,4,7,11,0,0,0,0,0,0,0,0,0
Icebox,cortezia,MIBR,killjoy,1.35,263,22,15,5,7,74%,189,38%,2,3,-1,1.03,181,9,6,1,3,67%,140,50%,2,3,-1,1.7,354,13,9,4,4,82%,243,32%,0,0,0,Win,13,10,23,9,3,12,4,7,11,9,3,12,4,7,11,0,0,0,0,0,0,0,0,0
Icebox,Verno,MIBR,sova,0.95,166,12,14,4,-2,83%,111,26%,1,1,0,1.2,206,9,6,3,3,100%,128,28%,1,0,1,0.66,124,3,8,1,-5,64%,94,25%,0,1,-1,Win,13,10,23,9,3,12,4,7,11,9,3,12,4,7,11,0,0,0,0,0,0,0,0,0
Icebox,artzin,MIBR,harbor,0.81,202,16,17,9,-1,78%,127,19%,1,4,-3,0.81,261,11,10,3,1,75%,158,14%,0,2,-2,0.81,139,5,7,6,-2,82%,93,31%,1,2,-1,Win,13,10,23,9,3,12,4,7,11,9,3,12,4,7,11,0,0,0,0,0,0,0,0,0
Icebox,xenom,MIBR,viper,0.72,138,11,16,5,-5,61%,93,43%,0,1,-1,0.58,127,4,8,4,-4,67%,95,63%,0,0,0,0.88,151,7,8,1,-1,55%,91,31%,0,1,-1,Win,13,10,23,9,3,12,4,7,11,9,3,12,4,7,11,0,0,0,0,0,0,0,0,0
Icebox,Cryocells,100T,jett,1.22,221,20,15,1,5,83%,134,34%,2,3,-1,0.65,159,7,8,1,-1,91%,108,33%,1,1,0,1.74,278,13,7,0,6,75%,157,35%,1,2,-1,Loss,10,13,23,7,4,11,3,9,12,7,4,11,3,9,12,0,0,0,0,0,0,0,0,0
Icebox,eeiu,100T,sova,0.92,179,14,17,4,-3,74%,116,34%,0,1,-1,1.16,218,9,7,1,2,91%,143,29%,0,1,-1,0.7,144,5,10,3,-5,58%,91,42%,0,0,0,Loss,10,13,23,7,4,11,3,9,12,7,4,11,3,9,12,0,0,0,0,0,0,0,0,0
Icebox,Asuna,100T,omen,0.8,188,14,17,7,-3,61%,137,29%,2,3,-1,1.27,244,9,6,5,3,73%,166,36%,1,1,0,0.37,137,5,11,2,-6,50%,111,22%,1,2,-1,Loss,10,13,23,7,4,11,3,9,12,7,4,11,3,9,12,0,0,0,0,0,0,0,0,0
Icebox,Kess,100T,killjoy,0.74,151,12,16,1,-4,70%,104,32%,3,2,1,0.82,142,6,6,0,0,82%,102,38%,0,2,-2,0.67,160,6,10,1,-4,58%,106,29%,3,0,3,Loss,10,13,23,7,4,11,3,9,12,7,4,11,3,9,12,0,0,0,0,0,0,0,0,0
Icebox,zander,100T,viper,0.52,172,13,20,3,-7,65%,110,21%,5,2,3,0.83,226,9,8,2,1,100%,143,29%,4,0,4,0.23,123,4,12,1,-8,33%,81,13%,1,2,-1,Loss,10,13,23,7,4,11,3,9,12,7,4,11,3,9,12,0,0,0,0,0,0,0,0,0
Bind,cortezia,MIBR,viper,1.53,279,28,14,2,14,69%,168,38%,2,3,-1,2.12,376,20,5,0,15,85%,218,42%,2,1,1,0.94,183,8,9,2,-1,54%,119,32%,0,2,-2,Win,14,12,26,11,2,13,3,10,13,10,2,12,2,10,12,1,0,1,1,0,1,2,0,2
Bind,xenom,MIBR,brimstone,0.96,171,17,16,6,1,73%,108,46%,1,1,0,1.25,224,11,7,4,4,77%,142,53%,1,0,1,0.68,118,6,9,2,-3,69%,74,36%,0,1,-1,Win,14,12,26,11,2,13,3,10,13,10,2,12,2,10,12,1,0,1,1,0,1,2,0,2
Bind,Verno,MIBR,skye,0.96,195,15,19,12,-4,62%,125,46%,2,3,-1,0.98,183,7,8,9,-1,85%,114,37%,2,0,2,0.94,208,8,11,3,-3,38%,135,55%,0,3,-3,Win,14,12,26,11,2,13,3,10,13,10,2,12,2,10,12,1,0,1,1,0,1,2,0,2
Bind,aspas,MIBR,raze,0.96,212,19,20,7,-1,73%,142,16%,1,2,-1,1.16,260,12,10,4,2,85%,177,18%,1,0,1,0.77,166,7,10,3,-3,62%,106,14%,0,2,-2,Win,14,12,26,11,2,13,3,10,13,10,2,12,2,10,12,1,0,1,1,0,1,2,0,2
Bind,artzin,MIBR,yoru,0.3,100,9,23,6,-14,65%,67,13%,2,9,-7,0.35,123,6,11,3,-5,77%,83,25%,2,4,-2,0.24,79,3,12,3,-9,54%,51,5%,0,5,-5,Win,14,12,26,11,2,13,3,10,13,10,2,12,2,10,12,1,0,1,1,0,1,2,0,2
Bind,Cryocells,100T,yoru,1.22,245,27,17,2,10,77%,152,27%,3,3,0,1.53,270,16,8,1,8,92%,169,19%,2,0,2,0.9,222,11,9,1,2,62%,135,42%,1,3,-2,Loss,12,14,26,10,3,13,2,11,13,10,2,12,2,10,12,0,1,1,0,1,1,0,2,2
Bind,Asuna,100T,raze,1.18,274,22,19,7,3,85%,187,17%,8,0,8,1.26,258,11,7,4,4,100%,161,19%,5,0,5,1.1,292,11,12,3,-1,69%,212,15%,3,0,3,Loss,12,14,26,10,3,13,2,11,13,10,2,12,2,10,12,0,1,1,0,1,1,0,2,2
Bind,eeiu,100T,fade,0.94,181,17,15,9,2,81%,128,22%,1,1,0,1.42,177,10,3,5,7,92%,129,17%,1,0,1,0.46,186,7,12,4,-5,69%,127,26%,0,1,-1,Loss,12,14,26,10,3,13,2,11,13,10,2,12,2,10,12,0,1,1,0,1,1,0,2,2
Bind,zander,100T,viper,0.92,171,14,16,6,-2,77%,107,19%,2,0,2,0.89,168,6,6,4,0,92%,111,30%,2,0,2,0.96,174,8,10,2,-2,62%,102,11%,0,0,0,Loss,12,14,26,10,3,13,2,11,13,10,2,12,2,10,12,0,1,1,0,1,1,0,2,2
Bind,Kess,100T,brimstone,0.62,150,12,21,14,-9,65%,105,28%,4,4,0,0.91,179,8,8,7,0,85%,133,26%,3,0,3,0.34,122,4,13,7,-9,46%,77,33%,1,4,-3,Loss,12,14,26,10,3,13,2,11,13,10,2,12,2,10,12,0,1,1,0,1,1,0,2,2
Corrode,JonahP,G2,viper,1.42,280,23,15,3,8,75%,165,35%,2,2,0,1.59,328,13,8,3,5,83%,189,25%,2,0,2,1.24,234,10,7,0,3,67%,140,56%,0,2,-2,Loss,11,13,24,6,6,12,5,7,12,6,6,12,5,7,12,0,0,0,0,0,0,0,0,0
Corrode,valyn,G2,omen,1.3,262,23,17,8,6,71%,177,29%,1,1,0,1.31,241,11,8,6,3,75%,159,14%,0,1,-1,1.3,285,12,9,2,3,67%,195,48%,1,0,1,Loss,11,13,24,6,6,12,5,7,12,6,6,12,5,7,12,0,0,0,0,0,0,0,0,0
Corrode,trent,G2,fade,1.08,183,15,14,9,1,83%,112,38%,0,3,-3,1.28,206,9,7,6,2,83%,130,30%,0,1,-1,0.89,160,6,7,3,-1,83%,95,50%,0,2,-2,Loss,11,13,24,6,6,12,5,7,12,6,6,12,5,7,12,0,0,0,0,0,0,0,0,0
Corrode,jawgemo,G2,neon,0.69,171,13,20,6,-7,67%,110,25%,5,4,1,0.64,146,6,10,4,-4,67%,89,23%,2,2,0,0.74,197,7,10,2,-3,67%,130,27%,3,2,1,Loss,11,13,24,6,6,12,5,7,12,6,6,12,5,7,12,0,0,0,0,0,0,0,0,0
Corrode,BABYBAY,G2,chamber,0.55,137,11,19,2,-8,63%,83,22%,3,3,0,0.64,153,6,9,2,-3,75%,86,13%,2,2,0,0.46,122,5,10,0,-5,50%,79,30%,1,1,0,Loss,11,13,24,6,6,12,5,7,12,6,6,12,5,7,12,0,0,0,0,0,0,0,0,0
Corrode,yay,EG,chamber,1.37,328,29,18,2,11,83%,212,35%,8,3,5,1.64,348,16,8,0,8,100%,238,38%,4,1,3,1.09,309,13,10,2,3,67%,186,32%,4,2,2,Win,13,11,24,7,5,12,6,6,12,7,5,12,6,6,12,0,0,0,0,0,0,0,0,0
Corrode,Derrek,EG,omen,1.17,235,21,17,3,4,79%,151,47%,0,1,-1,1.1,180,8,7,1,1,83%,137,43%,0,1,-1,1.25,290,13,10,2,3,75%,166,50%,0,0,0,Win,13,11,24,7,5,12,6,6,12,7,5,12,6,6,12,0,0,0,0,0,0,0,0,0
Corrode,NaturE,EG,sova,1.15,209,18,15,5,3,79%,135,24%,3,1,2,0.92,169,7,8,2,-1,75%,96,41%,1,1,0,1.38,251,11,7,3,4,83%,173,17%,2,0,2,Win,13,11,24,7,5,12,6,6,12,7,5,12,6,6,12,0,0,0,0,0,0,0,0,0
Corrode,supamen,EG,viper,0.58,117,9,17,3,-8,46%,78,44%,2,2,0,0.82,198,8,9,2,-1,50%,124,53%,2,1,1,0.34,36,1,8,1,-7,42%,31,25%,0,1,-1,Win,13,11,24,7,5,12,6,6,12,7,5,12,6,6,12,0,0,0,0,0,0,0,0,0
Corrode,icy,EG,neon,0.49,115,8,18,5,-10,58%,85,26%,0,4,-4,0.53,93,4,8,1,-4,58%,70,56%,0,1,-1,0.45,138,4,10,4,-6,58%,101,16%,0,3,-3,Win,13,11,24,7,5,12,6,6,12,7,5,12,6,6,12,0,0,0,0,0,0,0,0,0
Haven,trent,G2,fade,1.81,232,17,5,6,12,82%,169,25%,0,1,-1,1.2,189,3,3,3,0,40%,120,9%,0,1,-1,2.07,251,14,2,3,12,100%,189,31%,0,0,0,Win,13,4,17,3,2,5,10,2,12,3,2,5,10,2,12,0,0,0,0,0,0,0,0,0
Haven,JonahP,G2,viper,1.59,322,20,10,9,10,88%,211,24%,4,1,3,1.15,241,4,4,3,0,60%,197,18%,1,1,0,1.77,356,16,6,6,10,100%,217,25%,3,0,3,Win,13,4,17,3,2,5,10,2,12,3,2,5,10,2,12,0,0,0,0,0,0,0,0,0
Haven,valyn,G2,omen,1.22,236,14,12,7,2,82%,174,33%,3,1,2,1.85,283,6,3,1,3,80%,209,40%,0,0,0,0.96,218,8,9,6,-1,83%,159,31%,3,1,2,Win,13,4,17,3,2,5,10,2,12,3,2,5,10,2,12,0,0,0,0,0,0,0,0,0
Haven,jawgemo,G2,yoru,1.05,189,13,9,2,4,88%,113,22%,3,0,3,0.94,163,3,3,0,0,80%,97,60%,0,0,0,1.09,200,10,6,2,4,92%,119,16%,3,0,3,Win,13,4,17,3,2,5,10,2,12,3,2,5,10,2,12,0,0,0,0,0,0,0,0,0
Haven,BABYBAY,G2,vyse,0.75,160,9,13,9,-4,82%,110,26%,0,4,-4,0.33,57,1,4,2,-3,60%,39,0%,0,2,-2,0.93,203,8,9,7,-1,92%,140,32%,0,2,-2,Win,13,4,17,3,2,5,10,2,12,3,2,5,10,2,12,0,0,0,0,0,0,0,0,0
Haven,NaturE,EG,breach,1.37,316,18,15,8,3,82%,203,19%,0,1,-1,1.05,242,9,12,6,-3,83%,165,12%,0,1,-1,2.15,493,9,3,2,6,80%,294,31%,0,0,0,Loss,4,13,17,2,10,12,2,3,5,2,10,12,2,3,5,0,0,0,0,0,0,0,0,0
Haven,Derrek,EG,sova,1.03,202,11,13,3,-2,71%,143,26%,2,0,2,1.15,240,9,10,2,-1,67%,168,29%,1,0,1,0.76,112,2,3,1,-1,80%,81,13%,1,0,1,Loss,4,13,17,2,10,12,2,3,5,2,10,12,2,3,5,0,0,0,0,0,0,0,0,0
Haven,supamen,EG,omen,0.64,130,8,14,6,-6,71%,87,29%,1,1,0,0.5,118,5,11,4,-6,67%,83,24%,0,1,-1,1,162,3,3,2,0,80%,96,50%,1,0,1,Loss,4,13,17,2,10,12,2,3,5,2,10,12,2,3,5,0,0,0,0,0,0,0,0,0
Haven,yay,EG,jett,0.51,161,9,16,1,-7,59%,121,21%,4,6,-2,0.56,178,7,12,1,-5,58%,129,15%,2,5,-3,0.39,122,2,4,0,-2,60%,99,43%,2,1,1,Loss,4,13,17,2,10,12,2,3,5,2,10,12,2,3,5,0,0,0,0,0,0,0,0,0
Haven,icy,EG,cypher,0.27,70,3,15,3,-12,47%,53,46%,0,2,-2,0.22,75,2,11,1,-9,33%,57,50%,0,2,-2,0.4,62,1,4,2,-3,80%,43,40%,0,0,0,Loss,4,13,17,2,10,12,2,3,5,2,10,12,2,3,5,0,0,0,0,0,0,0,0,0
Ascent,valyn,G2,omen,1.62,268,17,8,8,9,94%,167,35%,2,0,2,1.28,202,9,6,4,3,92%,141,45%,1,0,1,2.44,427,8,2,4,6,100%,229,25%,1,0,1,Win,13,4,17,9,3,12,4,1,5,9,3,12,4,1,5,0,0,0,0,0,0,0,0,0
Ascent,BABYBAY,G2,chamber,1.39,221,15,7,1,8,76%,156,20%,2,2,0,1.35,245,11,6,0,5,67%,155,20%,2,2,0,1.51,166,4,1,1,3,100%,160,20%,0,0,0,Win,13,4,17,9,3,12,4,1,5,9,3,12,4,1,5,0,0,0,0,0,0,0,0,0
Ascent,trent,G2,sova,1.18,224,13,10,7,3,82%,161,28%,1,1,0,1.01,171,8,6,0,2,75%,120,26%,1,0,1,1.59,352,5,4,7,1,100%,261,29%,0,1,-1,Win,13,4,17,9,3,12,4,1,5,9,3,12,4,1,5,0,0,0,0,0,0,0,0,0
Ascent,JonahP,G2,vyse,1.14,234,15,11,6,4,76%,133,20%,2,2,0,0.93,221,10,9,5,1,75%,130,18%,0,2,-2,1.63,267,5,2,1,3,80%,140,25%,2,0,2,Win,13,4,17,9,3,12,4,1,5,9,3,12,4,1,5,0,0,0,0,0,0,0,0,0
Ascent,jawgemo,G2,yoru,0.96,183,11,11,6,0,82%,110,22%,2,3,-1,1.16,228,9,8,5,1,92%,138,18%,2,2,0,0.49,75,2,3,1,-1,60%,43,50%,0,1,-1,Win,13,4,17,9,3,12,4,1,5,9,3,12,4,1,5,0,0,0,0,0,0,0,0,0
Ascent,NaturE,EG,kayo,1.19,253,13,14,12,-1,82%,147,21%,1,1,0,1.44,235,4,4,3,0,100%,123,26%,0,0,0,1.08,261,9,10,9,-1,75%,157,19%,1,1,0,Loss,4,13,17,1,4,5,3,9,12,1,4,5,3,9,12,0,0,0,0,0,0,0,0,0
Ascent,yay,EG,jett,0.81,199,13,14,1,-1,59%,126,30%,2,4,-2,0.4,168,3,5,0,-2,60%,106,38%,1,2,-1,0.98,212,10,9,1,1,58%,134,27%,1,2,-1,Loss,4,13,17,1,4,5,3,9,12,1,4,5,3,9,12,0,0,0,0,0,0,0,0,0
Ascent,Derrek,EG,sova,0.79,179,8,15,7,-7,65%,143,45%,1,1,0,0.53,150,2,5,2,-3,80%,127,50%,0,1,-1,0.9,192,6,10,5,-4,58%,149,44%,1,0,1,Loss,4,13,17,1,4,5,3,9,12,1,4,5,3,9,12,0,0,0,0,0,0,0,0,0
Ascent,icy,EG,cypher,0.71,143,7,14,5,-7,59%,103,19%,3,0,3,0.26,132,2,5,0,-3,60%,97,25%,1,0,1,0.89,148,5,9,5,-4,58%,106,17%,2,0,2,Loss,4,13,17,1,4,5,3,9,12,1,4,5,3,9,12,0,0,0,0,0,0,0,0,0
Ascent,supamen,EG,omen,0.4,81,6,14,4,-8,76%,48,33%,1,3,-2,0.04,60,1,5,1,-4,80%,26,33%,0,0,0,0.56,91,5,9,3,-4,75%,58,33%,1,3,-2,Loss,4,13,17,1,4,5,3,9,12,1,4,5,3,9,12,0,0,0,0,0,0,0,0,0
Haven,lukxo,LOUD,cypher,1.01,204,15,14,2,1,80%,139,43%,3,2,1,0.74,211,7,8,0,-1,75%,127,38%,1,1,0,1.2,200,8,6,2,2,83%,146,45%,2,1,1,Loss,7,13,20,1,7,8,6,6,12,1,7,8,6,6,12,0,0,0,0,0,0,0,0,0
Haven,Virtyy,LOUD,neon,0.89,220,15,18,2,-3,60%,143,28%,3,4,-1,0.72,207,5,8,1,-3,50%,140,31%,1,1,0,1.01,230,10,10,1,0,67%,145,27%,2,3,-1,Loss,7,13,20,1,7,8,6,6,12,1,7,8,6,6,12,0,0,0,0,0,0,0,0,0
Haven,RobbieBk,LOUD,sova,0.8,168,12,15,4,-3,60%,121,32%,0,1,-1,0.2,100,2,8,3,-6,38%,72,25%,0,0,0,1.2,215,10,7,1,3,75%,153,35%,0,1,-1,Loss,7,13,20,1,7,8,6,6,12,1,7,8,6,6,12,0,0,0,0,0,0,0,0,0
Haven,cauanzin,LOUD,breach,0.78,205,14,19,8,-5,70%,123,48%,4,2,2,0.58,153,4,8,2,-4,63%,82,50%,2,1,1,0.91,241,10,11,6,-1,75%,151,48%,2,1,1,Loss,7,13,20,1,7,8,6,6,12,1,7,8,6,6,12,0,0,0,0,0,0,0,0,0
Haven,pANcada,LOUD,omen,0.77,137,9,16,9,-7,60%,93,48%,0,1,-1,0.49,71,2,7,3,-5,38%,46,33%,0,1,-1,0.95,181,7,9,6,-2,75%,124,53%,0,0,0,Loss,7,13,20,1,7,8,6,6,12,1,7,8,6,6,12,0,0,0,0,0,0,0,0,0
Haven,Dantedeu5,KRÜ,yoru,1.59,333,24,15,7,9,70%,203,26%,5,2,3,1.14,265,11,11,4,0,58%,181,34%,3,1,2,2.26,436,13,4,3,9,88%,237,18%,2,1,1,Win,13,7,20,6,6,12,7,1,8,6,6,12,7,1,8,0,0,0,0,0,0,0,0,0
Haven,Shyy,KRÜ,cypher,1.27,198,16,10,3,6,85%,134,47%,3,1,2,0.82,151,6,8,2,-2,75%,108,38%,1,1,0,1.93,270,10,2,1,8,100%,173,56%,2,0,2,Win,13,7,20,6,6,12,7,1,8,6,6,12,7,1,8,0,0,0,0,0,0,0,0,0
Haven,Melser,KRÜ,omen,1.22,191,15,10,4,5,85%,129,27%,0,2,-2,1.33,226,11,7,3,4,92%,139,27%,0,1,-1,1.05,138,4,3,1,1,75%,115,27%,0,1,-1,Win,13,7,20,6,6,12,7,1,8,6,6,12,7,1,8,0,0,0,0,0,0,0,0,0
Haven,keznit,KRÜ,iso,0.98,189,15,14,8,1,90%,132,33%,1,2,-1,0.57,132,6,10,4,-4,92%,81,29%,1,1,0,1.58,275,9,4,4,5,88%,207,34%,0,1,-1,Win,13,7,20,6,6,12,7,1,8,6,6,12,7,1,8,0,0,0,0,0,0,0,0,0
Haven,Mazino,KRÜ,sova,0.77,193,12,16,10,-4,65%,142,24%,1,3,-2,0.98,212,9,9,5,0,58%,151,38%,1,2,-1,0.45,166,3,7,5,-4,75%,128,10%,0,1,-1,Win,13,7,20,6,6,12,7,1,8,6,6,12,7,1,8,0,0,0,0,0,0,0,0,0
Bind,pANcada,LOUD,brimstone,1.27,246,18,15,16,3,77%,169,49%,1,1,0,1.23,237,8,7,5,1,70%,146,44%,1,0,1,1.31,255,10,8,11,2,83%,188,52%,0,1,-1,Win,13,9,22,5,5,10,8,4,12,5,5,10,8,4,12,0,0,0,0,0,0,0,0,0
Bind,Virtyy,LOUD,raze,1.26,255,20,14,6,6,82%,166,21%,4,6,-2,0.67,173,5,8,4,-3,70%,117,11%,1,5,-4,1.75,324,15,6,2,9,92%,208,26%,3,1,2,Win,13,9,22,5,5,10,8,4,12,5,5,10,8,4,12,0,0,0,0,0,0,0,0,0
Bind,cauanzin,LOUD,gekko,1.15,215,17,15,7,2,77%,124,26%,2,2,0,0.84,150,6,7,3,-1,60%,92,13%,0,1,-1,1.42,269,11,8,4,3,92%,151,37%,2,1,1,Win,13,9,22,5,5,10,8,4,12,5,5,10,8,4,12,0,0,0,0,0,0,0,0,0
Bind,RobbieBk,LOUD,skye,1.07,220,17,15,5,2,59%,137,44%,1,3,-2,1.15,190,7,6,1,1,60%,130,47%,0,1,-1,1,246,10,9,4,1,58%,144,42%,1,2,-1,Win,13,9,22,5,5,10,8,4,12,5,5,10,8,4,12,0,0,0,0,0,0,0,0,0
Bind,lukxo,LOUD,viper,1.06,204,17,15,4,2,73%,140,37%,2,0,2,1.55,313,12,6,1,6,70%,199,37%,1,0,1,0.65,115,5,9,3,-4,75%,90,38%,1,0,1,Win,13,9,22,5,5,10,8,4,12,5,5,10,8,4,12,0,0,0,0,0,0,0,0,0
Bind,Shyy,KRÜ,viper,1.3,246,20,15,7,5,77%,166,43%,3,0,3,1.01,238,10,9,3,1,75%,147,25%,2,0,2,1.64,257,10,6,4,4,80%,188,67%,1,0,1,Loss,9,13,22,4,8,12,5,5,10,4,8,12,5,5,10,0,0,0,0,0,0,0,0,0
Bind,Dantedeu5,KRÜ,yoru,1,214,18,19,3,-1,64%,141,29%,3,2,1,1.39,244,12,9,2,3,75%,170,40%,1,0,1,0.54,179,6,10,1,-4,50%,106,15%,2,2,0,Loss,9,13,22,4,8,12,5,5,10,4,8,12,5,5,10,0,0,0,0,0,0,0,0,0
Bind,Mazino,KRÜ,fade,0.87,177,15,16,4,-1,59%,99,17%,4,1,3,0.38,114,5,10,2,-5,50%,60,13%,1,1,0,1.47,254,10,6,2,4,70%,146,19%,3,0,3,Loss,9,13,22,4,8,12,5,5,10,4,8,12,5,5,10,0,0,0,0,0,0,0,0,0
Bind,keznit,KRÜ,raze,0.63,186,11,19,7,-8,59%,134,20%,2,4,-2,0.78,215,7,11,6,-4,75%,143,13%,1,4,-3,0.45,153,4,8,1,-4,40%,123,31%,1,0,1,Loss,9,13,22,4,8,12,5,5,10,4,8,12,5,5,10,0,0,0,0,0,0,0,0,0
Bind,Melser,KRÜ,brimstone,0.43,133,10,20,3,-10,64%,83,38%,0,3,-3,0.49,149,6,12,2,-6,58%,92,53%,0,2,-2,0.37,116,4,8,1,-4,70%,72,21%,0,1,-1,Loss,9,13,22,4,8,12,5,5,10,4,8,12,5,5,10,0,0,0,0,0,0,0,0,0
Ascent,RobbieBk,LOUD,sova,0.93,189,9,13,6,-4,71%,137,38%,1,1,0,0.32,118,1,5,1,-4,40%,99,17%,0,1,-1,1.19,219,8,8,5,0,83%,153,48%,1,0,1,Loss,4,13,17,0,5,5,4,8,12,0,5,5,4,8,12,0,0,0,0,0,0,0,0,0
Ascent,Virtyy,LOUD,jett,0.92,143,9,9,1,0,71%,91,29%,4,2,2,0.03,66,1,5,0,-4,40%,48,33%,1,1,0,1.31,175,8,4,1,4,83%,109,27%,3,1,2,Loss,4,13,17,0,5,5,4,8,12,0,5,5,4,8,12,0,0,0,0,0,0,0,0,0
Ascent,cauanzin,LOUD,kayo,0.82,217,11,15,1,-4,59%,139,13%,2,0,2,0.36,103,2,5,0,-3,40%,72,14%,0,0,0,1.01,265,9,10,1,-1,67%,167,13%,2,0,2,Loss,4,13,17,0,5,5,4,8,12,0,5,5,4,8,12,0,0,0,0,0,0,0,0,0
Ascent,lukxo,LOUD,cypher,0.63,162,10,14,0,-4,41%,103,45%,3,1,2,0.15,26,0,5,0,-5,0%,26,0%,0,0,0,0.83,220,10,9,0,1,58%,135,56%,3,1,2,Loss,4,13,17,0,5,5,4,8,12,0,5,5,4,8,12,0,0,0,0,0,0,0,0,0
Ascent,pANcada,LOUD,omen,0.22,43,1,12,3,-11,41%,37,11%,0,3,-3,0.02,23,0,5,0,-5,0%,23,0%,0,2,-2,0.36,52,1,7,3,-6,58%,44,14%,0,1,-1,Loss,4,13,17,0,5,5,4,8,12,0,5,5,4,8,12,0,0,0,0,0,0,0,0,0
Ascent,keznit,KRÜ,yoru,1.66,276,17,7,7,10,76%,202,27%,3,3,0,1.29,238,10,7,2,3,67%,170,23%,1,3,-2,2.55,369,7,0,5,7,100%,281,32%,2,0,2,Win,13,4,17,8,4,12,5,0,5,8,4,12,5,0,5,0,0,0,0,0,0,0,0,0
Ascent,Mazino,KRÜ,sova,1.54,262,17,9,4,8,88%,158,26%,2,1,1,1.14,202,9,8,2,1,83%,136,29%,0,1,-1,2.5,407,8,1,2,7,100%,211,24%,2,0,2,Win,13,4,17,8,4,12,5,0,5,8,4,12,5,0,5,0,0,0,0,0,0,0,0,0
Ascent,Dantedeu5,KRÜ,jett,1.34,226,14,8,5,6,76%,135,24%,1,3,-2,1.2,205,9,6,2,3,67%,124,17%,1,2,-1,1.67,278,5,2,3,3,100%,162,32%,0,1,-1,Win,13,4,17,8,4,12,5,0,5,8,4,12,5,0,5,0,0,0,0,0,0,0,0,0
Ascent,Melser,KRÜ,omen,1,138,8,7,7,1,76%,85,33%,1,3,-2,0.86,145,6,7,3,-1,67%,96,44%,1,3,-2,1.35,121,2,0,4,2,100%,60,21%,0,0,0,Win,13,4,17,8,4,12,5,0,5,8,4,12,5,0,5,0,0,0,0,0,0,0,0,0
Ascent,Shyy,KRÜ,cypher,0.78,100,7,9,3,-2,71%,69,8%,0,0,0,0.59,92,4,8,2,-4,58%,59,0%,0,0,0,1.24,122,3,1,1,2,100%,91,25%,0,0,0,Win,13,4,17,8,4,12,5,0,5,8,4,12,5,0,5,0,0,0,0,0,0,0,0,0
Bind,v1c,C9,brimstone,2.14,378,21,6,5,15,100%,216,38%,5,1,4,3.62,590,5,1,1,4,100%,411,60%,0,0,0,1.89,343,16,5,4,11,100%,184,30%,5,1,4,Win,13,1,14,2,0,2,11,1,12,2,0,2,11,1,12,0,0,0,0,0,0,0,0,0
Bind,OXY,C9,raze,1.81,290,16,4,3,12,100%,190,10%,0,0,0,2.54,429,3,1,1,2,100%,364,50%,0,0,0,1.69,268,13,3,2,10,100%,161,6%,0,0,0,Win,13,1,14,2,0,2,11,1,12,2,0,2,11,1,12,0,0,0,0,0,0,0,0,0
Bind,Xeppaa,C9,vyse,1.68,273,14,5,7,9,93%,168,21%,1,0,1,0.34,125,1,2,0,-1,50%,109,33%,0,0,0,1.9,299,13,3,7,10,100%,178,20%,1,0,1,Win,13,1,14,2,0,2,11,1,12,2,0,2,11,1,12,0,0,0,0,0,0,0,0,0
Bind,mitch,C9,skye,1.5,236,12,5,5,7,86%,140,17%,4,1,3,0.33,107,1,2,2,-1,100%,8,0%,1,1,0,1.69,258,11,3,3,8,83%,162,17%,3,0,3,Win,13,1,14,2,0,2,11,1,12,2,0,2,11,1,12,0,0,0,0,0,0,0,0,0
Bind,neT,C9,viper,0.93,138,7,6,8,1,93%,88,16%,1,1,0,0.49,49,0,1,1,-1,100%,37,0%,0,0,0,1.01,153,7,5,7,2,92%,97,17%,1,1,0,Win,13,1,14,2,0,2,11,1,12,2,0,2,11,1,12,0,0,0,0,0,0,0,0,0
Bind,pryze,2G,fade,0.7,165,8,14,1,-6,57%,94,21%,0,0,0,0.44,111,4,12,1,-8,50%,67,15%,0,0,0,2.25,492,4,2,0,2,100%,258,31%,0,0,0,Loss,1,13,14,1,11,12,0,2,2,1,11,12,0,2,2,0,0,0,0,0,0,0,0,0
Bind,lz,2G,brimstone,0.41,137,5,14,5,-9,64%,90,41%,1,0,1,0.38,121,4,12,3,-8,58%,73,38%,0,0,0,0.59,232,1,2,2,-1,100%,189,50%,1,0,1,Loss,1,13,14,1,11,12,0,2,2,1,11,12,0,2,2,0,0,0,0,0,0,0,0,0
Bind,spike,2G,yoru,0.38,136,6,14,3,-8,36%,84,37%,0,5,-5,0.4,138,5,12,2,-7,33%,85,44%,0,4,-4,0.23,130,1,2,1,-1,50%,78,0%,0,1,-1,Loss,1,13,14,1,11,12,0,2,2,1,11,12,0,2,2,0,0,0,0,0,0,0,0,0
Bind,gobera,2G,viper,0.27,100,4,14,0,-10,29%,70,31%,1,2,-1,0.26,96,3,12,0,-9,25%,69,23%,1,2,-1,0.33,126,1,2,0,-1,50%,76,67%,0,0,0,Loss,1,13,14,1,11,12,0,2,2,1,11,12,0,2,2,0,0,0,0,0,0,0,0,0
Bind,silentzz,2G,raze,0.04,72,3,14,1,-11,21%,48,7%,1,4,-3,0.07,84,3,12,1,-9,25%,56,7%,1,4,-3,0.01,0,0,2,0,-2,0%,0,0%,0,0,0,Loss,1,13,14,1,11,12,0,2,2,1,11,12,0,2,2,0,0,0,0,0,0,0,0,0
Lotus,OXY,C9,neon,1.77,346,27,14,2,13,75%,219,25%,5,3,2,1.41,279,8,6,1,2,75%,153,24%,3,1,2,2.01,392,19,8,1,11,75%,263,25%,2,2,0,Win,13,7,20,5,3,8,8,4,12,5,3,8,8,4,12,0,0,0,0,0,0,0,0,0
Lotus,v1c,C9,omen,1.05,174,13,13,9,0,85%,104,31%,3,0,3,0.8,112,4,5,2,-1,75%,69,38%,0,0,0,1.22,217,9,8,7,1,92%,128,29%,3,0,3,Win,13,7,20,5,3,8,8,4,12,5,3,8,8,4,12,0,0,0,0,0,0,0,0,0
Lotus,Xeppaa,C9,vyse,0.97,179,13,13,4,0,65%,116,15%,0,1,-1,0.9,190,5,5,2,0,63%,144,24%,0,1,-1,1.01,172,8,8,2,0,67%,97,10%,0,0,0,Win,13,7,20,5,3,8,8,4,12,5,3,8,8,4,12,0,0,0,0,0,0,0,0,0
Lotus,mitch,C9,fade,0.78,141,8,12,8,-4,65%,93,22%,2,2,0,0.65,129,3,4,1,-1,63%,81,31%,1,0,1,0.86,150,5,8,7,-3,67%,101,17%,1,2,-1,Win,13,7,20,5,3,8,8,4,12,5,3,8,8,4,12,0,0,0,0,0,0,0,0,0
Lotus,neT,C9,viper,0.76,153,8,13,4,-5,65%,110,26%,2,2,0,1.03,150,3,3,1,0,75%,103,21%,1,1,0,0.59,155,5,10,3,-5,58%,115,29%,1,1,0,Win,13,7,20,5,3,8,8,4,12,5,3,8,8,4,12,0,0,0,0,0,0,0,0,0
Lotus,lz,2G,omen,1.19,251,19,14,8,5,85%,146,42%,2,1,1,1.44,301,14,9,6,5,83%,181,46%,1,1,0,0.82,178,5,5,2,0,88%,94,33%,1,0,1,Loss,7,13,20,4,8,12,3,5,8,4,8,12,3,5,8,0,0,0,0,0,0,0,0,0
Lotus,spike,2G,neon,0.94,238,17,14,3,3,75%,164,33%,3,7,-4,0.61,178,7,10,3,-3,83%,136,21%,3,4,-1,1.43,328,10,4,0,6,63%,207,46%,0,3,-3,Loss,7,13,20,4,8,12,3,5,8,4,8,12,3,5,8,0,0,0,0,0,0,0,0,0
Lotus,gobera,2G,breach,0.84,173,12,13,8,-1,80%,105,15%,1,2,-1,0.99,188,8,9,7,-1,92%,115,22%,0,2,-2,0.63,153,4,4,1,0,63%,90,8%,1,0,1,Loss,7,13,20,4,8,12,3,5,8,4,8,12,3,5,8,0,0,0,0,0,0,0,0,0
Lotus,silentzz,2G,viper,0.82,162,10,13,6,-3,75%,101,20%,2,0,2,0.84,190,7,8,5,-1,75%,121,16%,1,0,1,0.8,121,3,5,1,-2,75%,73,30%,1,0,1,Loss,7,13,20,4,8,12,3,5,8,4,8,12,3,5,8,0,0,0,0,0,0,0,0,0
Lotus,pryze,2G,fade,0.58,104,7,15,5,-8,65%,60,18%,0,2,-2,0.72,141,6,10,5,-4,83%,75,18%,0,0,0,0.38,51,1,5,0,-4,38%,39,17%,0,2,-2,Loss,7,13,20,4,8,12,3,5,8,4,8,12,3,5,8,0,0,0,0,0,0,0,0,0
Lotus,cortezia,MIBR,vyse,1.27,249,22,19,15,3,75%,165,25%,6,2,4,0.94,180,7,9,5,-2,64%,124,33%,0,1,-1,1.59,318,15,10,10,5,86%,206,21%,6,1,5,Loss,13,15,28,5,9,14,8,6,14,5,7,12,7,5,12,0,2,2,1,1,2,1,3,4
Lotus,artzin,MIBR,yoru,1.04,204,22,19,5,3,79%,118,25%,5,3,2,1.21,248,13,10,1,3,79%,125,21%,3,2,1,0.86,161,9,9,4,0,79%,112,30%,2,1,1,Loss,13,15,28,5,9,14,8,6,14,5,7,12,7,5,12,0,2,2,1,1,2,1,3,4
Lotus,aspas,MIBR,raze,0.97,205,23,19,4,4,75%,122,18%,3,2,1,0.37,141,7,12,0,-5,64%,81,15%,0,2,-2,1.58,270,16,7,4,9,86%,164,20%,3,0,3,Loss,13,15,28,5,9,14,8,6,14,5,7,12,7,5,12,0,2,2,1,1,2,1,3,4
Lotus,xenom,MIBR,omen,0.93,158,16,18,16,-2,71%,102,39%,0,1,-1,1.11,196,9,9,8,0,71%,120,27%,0,1,-1,0.76,122,7,9,8,-2,71%,84,64%,0,0,0,Loss,13,15,28,5,9,14,8,6,14,5,7,12,7,5,12,0,2,2,1,1,2,1,3,4
Lotus,Verno,MIBR,fade,0.63,155,13,23,13,-10,79%,100,19%,1,5,-4,0.27,95,3,13,8,-10,64%,58,31%,1,4,-3,0.99,217,10,10,5,0,93%,141,15%,0,1,-1,Loss,13,15,28,5,9,14,8,6,14,5,7,12,7,5,12,0,2,2,1,1,2,1,3,4
Lotus,skuba,NRG,viper,1.38,231,26,15,4,11,82%,147,27%,2,1,1,1.53,270,14,9,2,5,86%,172,34%,0,0,0,1.24,193,12,6,2,6,79%,122,18%,2,1,1,Win,15,13,28,6,8,14,9,5,14,5,7,12,7,5,12,1,1,2,2,0,2,3,1,4
Lotus,brawk,NRG,vyse,1.07,193,17,19,12,-2,79%,119,13%,3,1,2,0.5,129,5,13,7,-8,79%,93,14%,0,1,-1,1.63,259,12,6,5,6,79%,144,12%,3,0,3,Win,15,13,28,6,8,14,9,5,14,5,7,12,7,5,12,1,1,2,2,0,2,3,1,4
Lotus,s0m,NRG,omen,1.05,220,20,21,13,-1,68%,144,23%,3,3,0,0.98,196,10,11,4,-1,57%,125,36%,1,3,-2,1.12,245,10,10,9,0,79%,163,19%,2,0,2,Win,15,13,28,6,8,14,9,5,14,5,7,12,7,5,12,1,1,2,2,0,2,3,1,4
Lotus,Ethan,NRG,fade,0.85,185,18,21,6,-3,68%,115,25%,1,4,-3,1.12,239,11,11,4,0,64%,148,22%,1,1,0,0.57,132,7,10,2,-3,71%,83,29%,0,3,-3,Win,15,13,28,6,8,14,9,5,14,5,7,12,7,5,12,1,1,2,2,0,2,3,1,4
Lotus,mada,NRG,raze,0.85,183,17,20,4,-3,64%,111,22%,4,6,-2,0.3,125,5,13,2,-8,50%,79,28%,1,6,-5,1.39,242,12,7,2,5,79%,144,18%,3,0,3,Win,15,13,28,6,8,14,9,5,14,5,7,12,7,5,12,1,1,2,2,0,2,3,1,4
Bind,aspas,MIBR,raze,1.63,280,23,11,3,12,91%,174,26%,9,1,8,1.89,368,15,6,1,9,100%,235,54%,4,0,4,1.39,200,8,5,2,3,83%,118,0%,5,1,4,Loss,10,13,23,6,5,11,4,8,12,6,5,11,4,8,12,0,0,0,0,0,0,0,0,0
Bind,cortezia,MIBR,viper,1.08,198,16,13,5,3,78%,129,28%,1,3,-2,1.11,218,8,6,4,2,73%,145,23%,1,2,-1,1.04,181,8,7,1,1,83%,114,38%,0,1,-1,Loss,10,13,23,6,5,11,4,8,12,6,5,11,4,8,12,0,0,0,0,0,0,0,0,0
Bind,xenom,MIBR,brimstone,0.8,148,12,16,7,-4,65%,97,25%,0,1,-1,0.55,102,4,8,2,-4,64%,70,27%,0,0,0,1.03,191,8,8,5,0,67%,123,24%,0,1,-1,Loss,10,13,23,6,5,11,4,8,12,6,5,11,4,8,12,0,0,0,0,0,0,0,0,0
Bind,artzin,MIBR,yoru,0.76,158,13,16,5,-3,48%,107,26%,3,3,0,0.93,214,9,7,0,2,55%,121,23%,2,2,0,0.6,108,4,9,5,-5,42%,94,29%,1,1,0,Loss,10,13,23,6,5,11,4,8,12,6,5,11,4,8,12,0,0,0,0,0,0,0,0,0
Bind,Verno,MIBR,fade,0.52,94,6,16,8,-10,78%,69,26%,1,1,0,0.48,64,2,7,4,-5,82%,40,13%,0,0,0,0.55,122,4,9,4,-5,75%,95,33%,1,1,0,Loss,10,13,23,6,5,11,4,8,12,6,5,11,4,8,12,0,0,0,0,0,0,0,0,0
Bind,s0m,NRG,brimstone,1.44,232,18,12,11,6,87%,153,26%,1,1,0,1.69,245,10,5,8,5,92%,165,21%,1,0,1,1.17,218,8,7,3,1,82%,140,30%,0,1,-1,Win,13,10,23,8,4,12,5,6,11,8,4,12,5,6,11,0,0,0,0,0,0,0,0,0
Bind,mada,NRG,raze,1.38,302,24,15,4,9,70%,181,27%,7,7,0,1.63,338,15,6,2,9,83%,177,20%,4,3,1,1.11,264,9,9,2,0,55%,184,38%,3,4,-1,Win,13,10,23,8,4,12,5,6,11,8,4,12,5,6,11,0,0,0,0,0,0,0,0,0
Bind,skuba,NRG,viper,0.94,167,13,12,6,1,65%,106,21%,1,2,-1,0.76,123,5,7,2,-2,58%,75,11%,0,1,-1,1.14,215,8,5,4,3,73%,140,30%,1,1,0,Win,13,10,23,8,4,12,5,6,11,8,4,12,5,6,11,0,0,0,0,0,0,0,0,0
Bind,brawk,NRG,fade,0.57,87,6,14,7,-8,74%,61,20%,0,2,-2,0.68,114,4,6,4,-2,92%,90,32%,0,2,-2,0.44,58,2,8,3,-6,55%,31,0%,0,0,0,Win,13,10,23,8,4,12,5,6,11,8,4,12,5,6,11,0,0,0,0,0,0,0,0,0
Bind,Ethan,NRG,kayo,0.54,140,11,17,5,-6,57%,84,21%,0,2,-2,0.46,98,4,8,3,-4,58%,55,17%,0,1,-1,0.62,187,7,9,2,-2,55%,117,24%,0,1,-1,Win,13,10,23,8,4,12,5,6,11,8,4,12,5,6,11,0,0,0,0,0,0,0,0,0
Lotus,N4RRATE,SEN,fade,1.26,291,22,15,6,7,71%,171,38%,3,0,3,0.93,212,7,7,0,0,56%,145,32%,1,0,1,1.5,351,15,8,6,7,83%,192,43%,2,0,2,Win,13,8,21,4,5,9,9,3,12,4,5,9,9,3,12,0,0,0,0,0,0,0,0,0
Lotus,bang,SEN,omen,1.2,213,18,11,2,7,76%,119,38%,2,2,0,0.67,131,5,6,1,-1,56%,60,13%,0,2,-2,1.6,276,13,5,1,8,92%,162,57%,2,0,2,Win,13,8,21,4,5,9,9,3,12,4,5,9,9,3,12,0,0,0,0,0,0,0,0,0
Lotus,zekken,SEN,raze,1.13,220,17,13,3,4,86%,151,22%,5,3,2,0.59,173,6,8,2,-2,100%,114,8%,3,1,2,1.53,256,11,5,1,6,75%,178,32%,2,2,0,Win,13,8,21,4,5,9,9,3,12,4,5,9,9,3,12,0,0,0,0,0,0,0,0,0
Lotus,johnqt,SEN,viper,1.12,159,11,11,13,0,90%,107,23%,1,0,1,1.36,245,7,6,6,1,89%,157,25%,1,0,1,0.94,96,4,5,7,-1,92%,69,21%,0,0,0,Win,13,8,21,4,5,9,9,3,12,4,5,9,9,3,12,0,0,0,0,0,0,0,0,0
Lotus,Zellsis,SEN,vyse,1.1,200,15,12,8,3,81%,128,12%,2,3,-1,1.22,212,7,5,3,2,89%,148,20%,0,1,-1,1.02,192,8,7,5,1,75%,113,7%,2,2,0,Win,13,8,21,4,5,9,9,3,12,4,5,9,9,3,12,0,0,0,0,0,0,0,0,0
Lotus,supamen,EG,viper,1,175,15,16,4,-1,52%,113,40%,0,0,0,0.3,72,3,11,2,-8,33%,57,38%,0,0,0,1.95,315,12,5,2,7,78%,187,41%,0,0,0,Loss,8,13,21,3,9,12,5,4,9,3,9,12,5,4,9,0,0,0,0,0,0,0,0,0
Lotus,icy,EG,raze,0.84,175,13,16,3,-3,67%,125,33%,4,9,-5,0.97,207,9,10,1,-1,58%,142,50%,2,5,-3,0.66,133,4,6,2,-2,78%,103,17%,2,4,-2,Loss,8,13,21,3,9,12,5,4,9,3,9,12,5,4,9,0,0,0,0,0,0,0,0,0
Lotus,NaturE,EG,fade,0.81,184,13,17,5,-4,67%,122,21%,1,0,1,0.5,139,5,11,2,-6,50%,100,25%,1,0,1,1.23,246,8,6,3,2,89%,151,19%,0,0,0,Loss,8,13,21,3,9,12,5,4,9,3,9,12,5,4,9,0,0,0,0,0,0,0,0,0
Lotus,Derrek,EG,tejo,0.75,172,11,16,9,-5,76%,120,23%,1,0,1,1.04,194,8,9,4,-1,75%,129,32%,0,0,0,0.37,143,3,7,5,-4,78%,108,14%,1,0,1,Loss,8,13,21,3,9,12,5,4,9,3,9,12,5,4,9,0,0,0,0,0,0,0,0,0
Lotus,yay,EG,clove,0.59,142,9,19,9,-10,62%,82,38%,2,4,-2,0.62,140,4,11,6,-7,50%,90,46%,1,3,-2,0.54,145,5,8,3,-3,78%,71,27%,1,1,0,Loss,8,13,21,3,9,12,5,4,9,3,9,12,5,4,9,0,0,0,0,0,0,0,0,0
Corrode,zekken,SEN,neon,2.2,401,25,9,7,16,88%,251,27%,6,2,4,2.49,460,9,2,2,7,100%,262,20%,2,1,1,2.08,377,16,7,5,9,83%,246,31%,4,1,3,Win,13,4,17,4,1,5,9,3,12,4,1,5,9,3,12,0,0,0,0,0,0,0,0,0
Corrode,Zellsis,SEN,vyse,1.52,234,15,7,4,8,88%,140,24%,3,0,3,1.8,245,5,2,1,3,80%,156,24%,1,0,1,1.4,231,10,5,3,5,92%,134,25%,2,0,2,Win,13,4,17,4,1,5,9,3,12,4,1,5,9,3,12,0,0,0,0,0,0,0,0,0
Corrode,johnqt,SEN,viper,1.3,212,13,7,6,6,88%,141,39%,2,0,2,0.88,174,2,3,2,-1,80%,135,33%,0,0,0,1.47,228,11,4,4,7,92%,144,43%,2,0,2,Win,13,4,17,4,1,5,9,3,12,4,1,5,9,3,12,0,0,0,0,0,0,0,0,0
Corrode,bang,SEN,omen,1.06,197,12,9,8,3,76%,119,15%,2,2,0,0.61,185,3,4,3,-1,80%,103,6%,1,0,1,1.25,202,9,5,5,4,75%,125,21%,1,2,-1,Win,13,4,17,4,1,5,9,3,12,4,1,5,9,3,12,0,0,0,0,0,0,0,0,0
Corrode,N4RRATE,SEN,fade,0.69,148,10,13,5,-3,76%,85,30%,0,0,0,0.68,88,2,4,1,-2,80%,51,75%,0,0,0,0.69,173,8,9,4,-1,75%,100,22%,0,0,0,Win,13,4,17,4,1,5,9,3,12,4,1,5,9,3,12,0,0,0,0,0,0,0,0,0
Corrode,Derrek,EG,omen,1.04,221,15,14,1,1,59%,134,35%,1,2,-1,1,214,10,10,1,0,67%,140,40%,1,2,-1,1.15,238,5,4,0,1,40%,118,29%,0,0,0,Loss,4,13,17,3,9,12,1,4,5,3,9,12,1,4,5,0,0,0,0,0,0,0,0,0
Corrode,yay,EG,chamber,0.84,234,12,15,2,-3,59%,146,25%,2,3,-1,1.03,260,10,10,0,0,67%,157,35%,2,2,0,0.4,173,2,5,2,-3,40%,120,13%,0,1,-1,Loss,4,13,17,3,9,12,1,4,5,3,9,12,1,4,5,0,0,0,0,0,0,0,0,0
Corrode,supamen,EG,viper,0.45,125,8,15,2,-7,59%,69,37%,0,2,-2,0.48,132,6,11,1,-5,58%,72,55%,0,1,-1,0.38,110,2,4,1,-2,60%,64,13%,0,1,-1,Loss,4,13,17,3,9,12,1,4,5,3,9,12,1,4,5,0,0,0,0,0,0,0,0,0
Corrode,NaturE,EG,sova,0.39,100,5,15,3,-10,41%,74,17%,0,1,-1,0.31,93,3,11,1,-8,33%,68,15%,0,0,0,0.57,117,2,4,2,-2,60%,90,20%,0,1,-1,Loss,4,13,17,3,9,12,1,4,5,3,9,12,1,4,5,0,0,0,0,0,0,0,0,0
Corrode,icy,EG,neon,0.22,99,5,16,3,-11,65%,63,23%,1,5,-4,0.03,59,1,12,3,-11,58%,45,21%,0,4,-4,0.83,197,4,4,0,0,80%,105,25%,1,1,0,Loss,4,13,17,3,9,12,1,4,5,3,9,12,1,4,5,0,0,0,0,0,0,0,0,0
Bind,Okeanos,LEV,brimstone,1.23,231,17,13,5,4,79%,162,52%,3,0,3,1.46,250,11,6,5,5,83%,173,50%,3,0,3,0.83,200,6,7,0,-1,71%,144,55%,0,0,0,Loss,6,13,19,6,6,12,0,7,7,6,6,12,0,7,7,0,0,0,0,0,0,0,0,0
Bind,Sato,LEV,yoru,0.98,258,16,16,5,0,63%,169,40%,4,3,1,1.32,320,13,9,3,4,67%,218,39%,2,2,0,0.4,153,3,7,2,-4,57%,85,50%,2,1,1,Loss,6,13,19,6,6,12,0,7,7,6,6,12,0,7,7,0,0,0,0,0,0,0,0,0
Bind,kiNgg,LEV,viper,0.92,216,14,14,3,0,68%,124,16%,2,1,1,1.4,284,13,7,0,6,83%,155,15%,1,1,0,0.11,100,1,7,3,-6,43%,72,22%,1,0,1,Loss,6,13,19,6,6,12,0,7,7,6,6,12,0,7,7,0,0,0,0,0,0,0,0,0
Bind,C0M,LEV,fade,0.86,151,9,14,6,-5,68%,97,29%,1,1,0,0.93,132,5,7,5,-2,75%,86,26%,0,1,-1,0.74,186,4,7,1,-3,57%,116,33%,1,0,1,Loss,6,13,19,6,6,12,0,7,7,6,6,12,0,7,7,0,0,0,0,0,0,0,0,0
Bind,tex,LEV,gekko,0.39,95,5,16,4,-11,53%,65,26%,1,3,-2,0.49,92,3,9,4,-6,58%,61,25%,1,1,0,0.23,101,2,7,0,-5,43%,73,29%,0,2,-2,Loss,6,13,19,6,6,12,0,7,7,6,6,12,0,7,7,0,0,0,0,0,0,0,0,0
Bind,Mazino,KRÜ,fade,1.45,260,18,11,10,7,84%,153,22%,0,2,-2,1.9,271,8,2,5,6,100%,142,7%,0,0,0,1.19,255,10,9,5,1,75%,160,37%,0,2,-2,Win,13,6,19,7,0,7,6,6,12,7,0,7,6,6,12,0,0,0,0,0,0,0,0,0
Bind,keznit,KRÜ,raze,1.33,271,19,13,3,6,68%,170,25%,4,4,0,1.44,288,8,4,0,4,71%,174,33%,1,2,-1,1.26,262,11,9,3,2,67%,167,22%,3,2,1,Win,13,6,19,7,0,7,6,6,12,7,0,7,6,6,12,0,0,0,0,0,0,0,0,0
Bind,Shyy,KRÜ,viper,1.1,212,14,11,3,3,79%,131,34%,0,2,-2,1.63,283,7,3,2,4,86%,193,47%,0,1,-1,0.79,171,7,8,1,-1,75%,95,21%,0,1,-1,Win,13,6,19,7,0,7,6,6,12,7,0,7,6,6,12,0,0,0,0,0,0,0,0,0
Bind,Melser,KRÜ,brimstone,0.95,156,10,12,7,-2,74%,106,18%,1,0,1,1.5,223,6,3,4,3,100%,122,17%,1,0,1,0.63,117,4,9,3,-5,58%,96,20%,0,0,0,Win,13,6,19,7,0,7,6,6,12,7,0,7,6,6,12,0,0,0,0,0,0,0,0,0
Bind,Dantedeu5,KRÜ,yoru,0.78,173,12,14,6,-2,74%,118,31%,3,3,0,1.1,223,6,4,3,2,86%,138,38%,1,1,0,0.59,145,6,10,3,-4,67%,106,26%,2,2,0,Win,13,6,19,7,0,7,6,6,12,7,0,7,6,6,12,0,0,0,0,0,0,0,0,0
Haven,C0M,LEV,sova,1.23,229,18,14,8,4,78%,176,50%,1,0,1,1.03,231,9,10,2,-1,67%,166,37%,0,0,0,1.45,227,9,4,6,5,91%,188,67%,1,0,1,Win,13,10,23,4,8,12,9,2,11,4,8,12,9,2,11,0,0,0,0,0,0,0,0,0
Haven,kiNgg,LEV,omen,1.18,177,15,13,6,2,74%,114,26%,2,1,1,0.95,182,7,9,3,-2,67%,123,23%,1,1,0,1.43,172,8,4,3,4,82%,105,29%,1,0,1,Win,13,10,23,4,8,12,9,2,11,4,8,12,9,2,11,0,0,0,0,0,0,0,0,0
Haven,Okeanos,LEV,neon,0.85,194,17,17,3,0,70%,131,33%,2,3,-1,0.27,111,4,11,2,-7,58%,79,23%,0,3,-3,1.48,286,13,6,1,7,82%,187,43%,2,0,2,Win,13,10,23,4,8,12,9,2,11,4,8,12,9,2,11,0,0,0,0,0,0,0,0,0
Haven,tex,LEV,cypher,0.75,166,13,17,6,-4,74%,112,23%,3,2,1,0.32,128,6,12,1,-6,58%,70,33%,2,2,0,1.21,208,7,5,5,2,91%,158,19%,1,0,1,Win,13,10,23,4,8,12,9,2,11,4,8,12,9,2,11,0,0,0,0,0,0,0,0,0
Haven,Sato,LEV,yoru,0.63,189,14,18,5,-4,65%,124,33%,4,5,-1,0.36,130,5,11,3,-6,67%,92,15%,1,2,-1,0.92,253,9,7,2,2,64%,159,50%,3,3,0,Win,13,10,23,4,8,12,9,2,11,4,8,12,9,2,11,0,0,0,0,0,0,0,0,0
Haven,Melser,KRÜ,omen,1.44,233,20,13,12,7,83%,143,33%,3,0,3,0.85,160,6,9,3,-3,64%,97,47%,0,0,0,1.98,301,14,4,9,10,100%,186,25%,3,0,3,Loss,10,13,23,2,9,11,8,4,12,2,9,11,8,4,12,0,0,0,0,0,0,0,0,0
Haven,Mazino,KRÜ,sova,1.19,205,16,14,8,2,83%,136,22%,3,0,3,0.67,104,4,8,1,-4,64%,61,30%,0,0,0,1.65,298,12,6,7,6,100%,204,20%,3,0,3,Loss,10,13,23,2,9,11,8,4,12,2,9,11,8,4,12,0,0,0,0,0,0,0,0,0
Haven,keznit,KRÜ,iso,1.16,240,20,16,6,4,78%,158,35%,0,2,-2,0.84,188,7,9,2,-2,55%,118,41%,0,2,-2,1.45,289,13,7,4,6,100%,194,32%,0,0,0,Loss,10,13,23,2,9,11,8,4,12,2,9,11,8,4,12,0,0,0,0,0,0,0,0,0
Haven,Dantedeu5,KRÜ,yoru,0.98,199,16,17,6,-1,61%,132,22%,3,7,-4,0.68,152,4,10,4,-6,45%,112,14%,2,5,-3,1.26,242,12,7,2,5,75%,149,30%,1,2,-1,Loss,10,13,23,2,9,11,8,4,12,2,9,11,8,4,12,0,0,0,0,0,0,0,0,0
Haven,Shyy,KRÜ,cypher,0.53,117,7,17,11,-10,61%,82,21%,2,3,-1,0.59,142,5,10,4,-5,55%,90,25%,1,1,0,0.48,95,2,7,7,-5,67%,74,17%,1,2,-1,Loss,10,13,23,2,9,11,8,4,12,2,9,11,8,4,12,0,0,0,0,0,0,0,0,0
Ascent,Sato,LEV,yoru,1.62,342,21,10,2,11,76%,197,38%,5,1,4,2.48,557,10,4,2,6,100%,294,46%,2,0,2,1.25,253,11,6,0,5,67%,157,30%,3,1,2,Win,13,4,17,5,0,5,8,4,12,5,0,5,8,4,12,0,0,0,0,0,0,0,0,0
Ascent,kiNgg,LEV,vyse,1.49,285,18,9,5,9,94%,191,33%,4,1,3,1.33,212,4,2,2,2,100%,125,30%,1,0,1,1.56,316,14,7,3,7,92%,219,33%,3,1,2,Win,13,4,17,5,0,5,8,4,12,5,0,5,8,4,12,0,0,0,0,0,0,0,0,0
Ascent,tex,LEV,chamber,1.3,218,16,7,4,9,82%,146,26%,0,1,-1,0.7,61,1,2,1,-1,80%,43,0%,0,1,-1,1.55,284,15,5,3,10,83%,189,28%,0,0,0,Win,13,4,17,5,0,5,8,4,12,5,0,5,8,4,12,0,0,0,0,0,0,0,0,0
Ascent,Okeanos,LEV,omen,1.17,227,14,7,11,7,88%,137,26%,4,1,3,2.47,390,8,0,4,8,100%,235,23%,1,0,1,0.62,159,6,7,7,-1,83%,96,29%,3,1,2,Win,13,4,17,5,0,5,8,4,12,5,0,5,8,4,12,0,0,0,0,0,0,0,0,0
Ascent,C0M,LEV,sova,1.04,166,9,8,7,1,88%,125,10%,0,0,0,0.96,72,2,1,0,1,100%,62,67%,0,0,0,1.08,205,7,7,7,0,83%,151,5%,0,0,0,Win,13,4,17,5,0,5,8,4,12,5,0,5,8,4,12,0,0,0,0,0,0,0,0,0
Ascent,Shyy,KRÜ,cypher,0.85,182,11,15,0,-4,59%,121,40%,1,2,-1,0.96,167,8,10,0,-2,58%,107,53%,0,2,-2,0.59,220,3,5,0,-2,60%,156,27%,1,0,1,Loss,4,13,17,4,8,12,0,5,5,4,8,12,0,5,5,0,0,0,0,0,0,0,0,0
Ascent,Dantedeu5,KRÜ,jett,0.84,229,11,17,6,-6,76%,158,25%,1,4,-3,0.69,191,6,12,5,-6,75%,134,17%,1,3,-2,1.17,323,5,5,1,0,80%,215,45%,0,1,-1,Loss,4,13,17,4,8,12,0,5,5,4,8,12,0,5,5,0,0,0,0,0,0,0,0,0
Ascent,keznit,KRÜ,yoru,0.79,171,10,15,2,-5,47%,111,19%,2,2,0,0.96,222,9,10,2,-1,58%,145,22%,2,2,0,0.39,52,1,5,0,-4,20%,30,0%,0,0,0,Loss,4,13,17,4,8,12,0,5,5,4,8,12,0,5,5,0,0,0,0,0,0,0,0,0
Ascent,Melser,KRÜ,omen,0.47,118,6,15,6,-9,59%,80,23%,0,4,-4,0.76,161,6,10,5,-4,75%,109,21%,0,1,-1,0.01,16,0,5,1,-5,20%,11,100%,0,3,-3,Loss,4,13,17,4,8,12,0,5,5,4,8,12,0,5,5,0,0,0,0,0,0,0,0,0
Ascent,Mazino,KRÜ,sova,0.24,88,3,16,4,-13,35%,70,10%,0,1,-1,0.33,105,3,11,2,-8,42%,78,11%,0,1,-1,0.04,49,0,5,2,-5,20%,49,0%,0,0,0,Loss,4,13,17,4,8,12,0,5,5,4,8,12,0,5,5,0,0,0,0,0,0,0,0,0
Corrode,heat,FUR,viper,0.92,220,11,12,2,-1,67%,167,42%,1,1,0,0.52,182,2,3,0,-1,67%,116,60%,0,0,0,1.01,230,9,9,2,0,67%,180,39%,1,1,0,Loss,2,13,15,0,3,3,2,10,12,0,3,3,2,10,12,0,0,0,0,0,0,0,0,0
Corrode,adverso,FUR,fade,0.82,157,8,12,1,-4,73%,99,15%,1,0,1,0.7,179,2,3,0,-1,67%,89,33%,0,0,0,0.85,152,6,9,1,-3,75%,102,11%,1,0,1,Loss,2,13,15,0,3,3,2,10,12,0,3,3,2,10,12,0,0,0,0,0,0,0,0,0
Corrode,tuyz,FUR,omen,0.7,128,6,11,3,-5,73%,87,19%,2,1,1,0.21,100,1,3,0,-2,33%,54,67%,1,1,0,0.82,135,5,8,3,-3,83%,95,13%,1,0,1,Loss,2,13,15,0,3,3,2,10,12,0,3,3,2,10,12,0,0,0,0,0,0,0,0,0
Corrode,Palla,FUR,neon,0.68,214,10,14,2,-4,53%,145,26%,3,5,-2,0.01,59,0,3,0,-3,0%,59,0%,0,1,-1,0.91,254,10,11,2,-1,67%,166,31%,3,4,-1,Loss,2,13,15,0,3,3,2,10,12,0,3,3,2,10,12,0,0,0,0,0,0,0,0,0
Corrode,Urango,FUR,sage,0.55,130,6,14,3,-8,60%,89,32%,0,1,-1,0.06,72,0,3,1,-3,33%,72,14%,0,0,0,0.67,145,6,11,2,-5,67%,94,40%,0,1,-1,Loss,2,13,15,0,3,3,2,10,12,0,3,3,2,10,12,0,0,0,0,0,0,0,0,0
Corrode,jawgemo,G2,waylay,1.42,330,17,12,4,5,93%,200,35%,5,3,2,1.19,308,12,10,4,2,92%,189,32%,4,3,1,2.35,422,5,2,0,3,100%,243,45%,1,0,1,Win,13,2,15,10,2,12,3,0,3,10,2,12,3,0,3,0,0,0,0,0,0,0,0,0
Corrode,BABYBAY,G2,viper,1.42,322,18,8,6,10,93%,193,35%,3,1,2,1.31,324,14,7,4,7,92%,196,39%,2,1,1,1.88,319,4,1,2,3,100%,181,20%,1,0,1,Win,13,2,15,10,2,12,3,0,3,10,2,12,3,0,3,0,0,0,0,0,0,0,0,0
Corrode,trent,G2,fade,1.3,162,11,5,10,6,93%,83,30%,0,0,0,1.19,159,9,5,8,4,92%,81,31%,0,0,0,1.73,179,2,0,2,2,100%,92,29%,0,0,0,Win,13,2,15,10,2,12,3,0,3,10,2,12,3,0,3,0,0,0,0,0,0,0,0,0
Corrode,valyn,G2,omen,1.07,193,12,8,3,4,67%,106,24%,0,2,-2,0.83,152,8,7,1,1,58%,83,27%,0,2,-2,2.02,358,4,1,2,3,100%,196,22%,0,0,0,Win,13,2,15,10,2,12,3,0,3,10,2,12,3,0,3,0,0,0,0,0,0,0,0,0
Corrode,JonahP,G2,sage,0.91,144,5,8,9,-3,87%,111,13%,0,1,-1,0.99,166,5,7,8,-2,83%,124,15%,0,0,0,0.58,58,0,1,1,-1,100%,58,0%,0,1,-1,Win,13,2,15,10,2,12,3,0,3,10,2,12,3,0,3,0,0,0,0,0,0,0,0,0
Ascent,heat,FUR,chamber,1.29,249,15,12,1,3,61%,152,17%,4,1,3,0.72,125,3,5,0,-2,33%,72,0%,0,0,0,1.57,312,12,7,1,5,75%,191,21%,4,1,3,Loss,5,13,18,1,5,6,4,8,12,1,5,6,4,8,12,0,0,0,0,0,0,0,0,0
Ascent,adverso,FUR,vyse,0.97,213,13,13,2,0,61%,136,32%,1,3,-2,1.33,215,5,4,1,1,67%,141,31%,0,1,-1,0.79,212,8,9,1,-1,58%,134,32%,1,2,-1,Loss,5,13,18,1,5,6,4,8,12,1,5,6,4,8,12,0,0,0,0,0,0,0,0,0
Ascent,tuyz,FUR,omen,0.74,111,6,11,10,-5,78%,68,15%,0,0,0,0.44,106,2,5,3,-3,67%,60,0%,0,0,0,0.89,114,4,6,7,-2,83%,71,24%,0,0,0,Loss,5,13,18,1,5,6,4,8,12,1,5,6,4,8,12,0,0,0,0,0,0,0,0,0
Ascent,Urango,FUR,sova,0.6,114,7,13,4,-6,61%,90,29%,0,1,-1,0.02,35,0,6,0,-6,33%,35,50%,0,0,0,0.95,155,7,7,4,0,75%,117,25%,0,1,-1,Loss,5,13,18,1,5,6,4,8,12,1,5,6,4,8,12,0,0,0,0,0,0,0,0,0
Ascent,Palla,FUR,yoru,0.56,157,9,16,4,-7,50%,108,47%,4,4,0,0.57,201,4,6,0,-2,50%,116,38%,3,2,1,0.55,136,5,10,4,-5,50%,104,57%,1,2,-1,Loss,5,13,18,1,5,6,4,8,12,1,5,6,4,8,12,0,0,0,0,0,0,0,0,0
Ascent,trent,G2,sova,1.43,270,16,9,5,7,78%,181,25%,1,0,1,1.54,283,12,6,1,6,67%,181,24%,1,0,1,1.22,243,4,3,4,1,100%,182,29%,0,0,0,Win,13,5,18,8,4,12,5,1,6,8,4,12,5,1,6,0,0,0,0,0,0,0,0,0
Ascent,jawgemo,G2,yoru,1.23,225,14,10,7,4,83%,161,40%,3,2,1,1.14,208,8,7,5,1,75%,150,33%,1,2,-1,1.43,261,6,3,2,3,100%,183,53%,2,0,2,Win,13,5,18,8,4,12,5,1,6,8,4,12,5,1,6,0,0,0,0,0,0,0,0,0
Ascent,valyn,G2,omen,1.17,213,16,10,1,6,83%,115,26%,2,3,-1,0.92,187,9,7,1,2,75%,98,21%,2,2,0,1.68,265,7,3,0,4,100%,148,36%,0,1,-1,Win,13,5,18,8,4,12,5,1,6,8,4,12,5,1,6,0,0,0,0,0,0,0,0,0
Ascent,JonahP,G2,vyse,0.99,164,10,10,4,0,78%,118,32%,2,3,-1,0.63,117,5,8,2,-3,67%,87,38%,1,2,-1,1.7,260,5,2,2,3,100%,180,28%,1,1,0,Win,13,5,18,8,4,12,5,1,6,8,4,12,5,1,6,0,0,0,0,0,0,0,0,0
Ascent,BABYBAY,G2,chamber,0.77,142,9,11,4,-2,83%,101,21%,1,1,0,0.7,137,5,8,2,-3,83%,86,8%,1,0,1,0.91,153,4,3,2,1,83%,132,43%,0,1,-1,Win,13,5,18,8,4,12,5,1,6,8,4,12,5,1,6,0,0,0,0,0,0,0,0,0
Sunset,pANcada,LOUD,omen,1.61,283,16,6,7,10,93%,177,43%,3,0,3,1.25,200,9,5,5,4,92%,121,30%,1,0,1,3.03,621,7,1,2,6,100%,403,75%,2,0,2,Win,13,2,15,10,2,12,3,0,3,10,2,12,3,0,3,0,0,0,0,0,0,0,0,0
Sunset,lukxo,LOUD,cypher,1.53,318,17,10,5,7,100%,233,40%,3,0,3,1.79,368,16,8,3,8,100%,261,38%,3,0,3,0.5,119,1,2,2,-1,100%,122,60%,0,0,0,Win,13,2,15,10,2,12,3,0,3,10,2,12,3,0,3,0,0,0,0,0,0,0,0,0
Sunset,Virtyy,LOUD,neon,1.29,327,18,11,3,7,73%,181,32%,4,3,1,1.12,297,13,9,3,4,75%,163,24%,3,3,0,1.97,450,5,2,0,3,67%,254,71%,1,0,1,Win,13,2,15,10,2,12,3,0,3,10,2,12,3,0,3,0,0,0,0,0,0,0,0,0
Sunset,cauanzin,LOUD,breach,1.17,171,9,6,9,3,93%,102,24%,0,0,0,1.3,194,8,5,7,3,100%,117,22%,0,0,0,0.69,83,1,1,2,0,67%,45,50%,0,0,0,Win,13,2,15,10,2,12,3,0,3,10,2,12,3,0,3,0,0,0,0,0,0,0,0,0
Sunset,RobbieBk,LOUD,sova,0.85,88,6,6,2,0,73%,73,50%,0,2,-2,0.74,102,5,6,2,-1,67%,76,50%,0,2,-2,1.31,35,1,0,0,1,100%,62,50%,0,0,0,Win,13,2,15,10,2,12,3,0,3,10,2,12,3,0,3,0,0,0,0,0,0,0,0,0
Sunset,Cryocells,100T,yoru,0.76,158,7,12,5,-5,53%,106,20%,0,1,-1,1.02,200,1,3,4,-2,67%,143,22%,0,0,0,0.7,148,6,9,1,-3,50%,97,19%,0,1,-1,Loss,2,13,15,0,3,3,2,10,12,0,3,3,2,10,12,0,0,0,0,0,0,0,0,0
Sunset,Asuna,100T,neon,0.74,171,9,13,3,-4,60%,109,34%,2,2,0,0.02,21,0,3,0,-3,33%,21,0%,0,1,-1,0.96,209,9,10,3,-1,67%,131,37%,2,1,1,Loss,2,13,15,0,3,3,2,10,12,0,3,3,2,10,12,0,0,0,0,0,0,0,0,0
Sunset,Kess,100T,cypher,0.74,165,8,13,2,-5,60%,107,43%,1,1,0,0.59,144,1,3,1,-2,33%,107,20%,0,0,0,0.78,171,7,10,1,-3,67%,107,62%,1,1,0,Loss,2,13,15,0,3,3,2,10,12,0,3,3,2,10,12,0,0,0,0,0,0,0,0,0
Sunset,eeiu,100T,sova,0.59,155,8,14,3,-6,40%,105,18%,1,1,0,0.67,128,2,3,0,-1,33%,66,25%,0,1,-1,0.57,162,6,11,3,-5,42%,115,17%,1,0,1,Loss,2,13,15,0,3,3,2,10,12,0,3,3,2,10,12,0,0,0,0,0,0,0,0,0
Sunset,zander,100T,omen,0.54,166,7,14,7,-7,73%,103,15%,1,5,-4,0.62,165,2,3,0,-1,67%,84,11%,0,1,-1,0.52,166,5,11,7,-6,75%,107,16%,1,4,-3,Loss,2,13,15,0,3,3,2,10,12,0,3,3,2,10,12,0,0,0,0,0,0,0,0,0
Bind,cauanzin,LOUD,gekko,1.23,304,20,17,6,3,80%,198,33%,4,1,3,1.42,356,9,7,3,2,75%,229,24%,2,1,1,1.1,270,11,10,3,1,83%,177,43%,2,0,2,Loss,7,13,20,2,6,8,5,7,12,2,6,8,5,7,12,0,0,0,0,0,0,0,0,0
Bind,pANcada,LOUD,brimstone,1.01,164,11,13,11,-2,75%,116,38%,1,0,1,0.3,39,0,7,6,-7,50%,21,0%,0,0,0,1.47,248,11,6,5,5,92%,180,46%,1,0,1,Loss,7,13,20,2,6,8,5,7,12,2,6,8,5,7,12,0,0,0,0,0,0,0,0,0
Bind,Virtyy,LOUD,raze,0.8,151,9,14,6,-5,75%,109,19%,2,6,-4,0.41,92,2,6,1,-4,63%,83,13%,0,4,-4,1.06,192,7,8,5,-1,83%,125,21%,2,2,0,Loss,7,13,20,2,6,8,5,7,12,2,6,8,5,7,12,0,0,0,0,0,0,0,0,0
Bind,RobbieBk,LOUD,skye,0.73,142,10,15,7,-5,65%,89,39%,0,1,-1,0.58,126,3,7,3,-4,50%,85,25%,0,0,0,0.83,153,7,8,4,-1,75%,91,55%,0,1,-1,Loss,7,13,20,2,6,8,5,7,12,2,6,8,5,7,12,0,0,0,0,0,0,0,0,0
Bind,lukxo,LOUD,viper,0.29,87,6,18,2,-12,45%,62,20%,1,4,-3,0.63,142,4,7,1,-3,63%,91,14%,1,0,1,0.05,51,2,11,1,-9,33%,42,33%,0,4,-4,Loss,7,13,20,2,6,8,5,7,12,2,6,8,5,7,12,0,0,0,0,0,0,0,0,0
Bind,Asuna,100T,raze,1.4,302,21,12,5,9,75%,167,21%,6,3,3,1.55,353,15,8,2,7,83%,187,24%,5,2,3,1.17,226,6,4,3,2,63%,138,17%,1,1,0,Win,13,7,20,7,5,12,6,2,8,7,5,12,6,2,8,0,0,0,0,0,0,0,0,0
Bind,zander,100T,viper,1.28,241,18,10,2,8,80%,151,33%,3,2,1,0.66,134,6,7,0,-1,75%,88,43%,0,1,-1,2.21,403,12,3,2,9,88%,245,29%,3,1,2,Win,13,7,20,7,5,12,6,2,8,7,5,12,6,2,8,0,0,0,0,0,0,0,0,0
Bind,Cryocells,100T,yoru,1.18,222,17,12,4,5,70%,144,22%,1,0,1,1.33,248,11,7,2,4,67%,156,20%,1,0,1,0.95,183,6,5,2,1,75%,125,27%,0,0,0,Win,13,7,20,7,5,12,6,2,8,7,5,12,6,2,8,0,0,0,0,0,0,0,0,0
Bind,eeiu,100T,fade,1.07,141,11,9,6,2,75%,94,32%,1,2,-1,0.85,126,5,7,4,-2,75%,79,33%,0,1,-1,1.42,165,6,2,2,4,75%,116,31%,1,1,0,Win,13,7,20,7,5,12,6,2,8,7,5,12,6,2,8,0,0,0,0,0,0,0,0,0
Bind,Kess,100T,brimstone,0.92,167,10,13,15,-3,85%,106,35%,1,1,0,0.73,167,6,9,8,-3,92%,106,33%,1,1,0,1.19,169,4,4,7,0,75%,106,36%,0,0,0,Win,13,7,20,7,5,12,6,2,8,7,5,12,6,2,8,0,0,0,0,0,0,0,0,0
Lotus,lukxo,LOUD,viper,1.59,304,28,18,5,10,73%,197,42%,6,1,5,1.19,231,11,10,2,1,69%,142,43%,4,0,4,1.99,378,17,8,3,9,77%,252,41%,2,1,1,Loss,12,14,26,6,7,13,6,7,13,6,6,12,6,6,12,0,1,1,0,1,1,0,2,2
Lotus,pANcada,LOUD,omen,0.88,149,13,18,6,-5,58%,100,34%,0,1,-1,1.35,227,11,9,3,2,54%,150,31%,0,0,0,0.41,72,2,9,3,-7,62%,49,44%,0,1,-1,Loss,12,14,26,6,7,13,6,7,13,6,6,12,6,6,12,0,1,1,0,1,1,0,2,2
Lotus,RobbieBk,LOUD,fade,0.74,167,11,20,17,-9,73%,107,23%,0,1,-1,0.9,230,9,11,5,-2,62%,136,26%,0,0,0,0.59,105,2,9,12,-7,85%,77,18%,0,1,-1,Loss,12,14,26,6,7,13,6,7,13,6,6,12,6,6,12,0,1,1,0,1,1,0,2,2
Lotus,cauanzin,LOUD,vyse,0.66,202,18,24,7,-6,69%,122,16%,2,1,1,0.19,94,3,12,3,-9,69%,72,8%,0,0,0,1.13,311,15,12,4,3,69%,172,20%,2,1,1,Loss,12,14,26,6,7,13,6,7,13,6,6,12,6,6,12,0,1,1,0,1,1,0,2,2
Lotus,Virtyy,LOUD,raze,0.62,164,15,21,1,-6,50%,94,20%,5,9,-4,0.46,165,7,12,1,-5,46%,94,29%,3,6,-3,0.78,164,8,9,0,-1,54%,94,13%,2,3,-1,Loss,12,14,26,6,7,13,6,7,13,6,6,12,6,6,12,0,1,1,0,1,1,0,2,2
Lotus,Asuna,100T,raze,1.33,271,24,18,6,6,69%,176,24%,5,4,1,1.09,242,11,10,2,1,54%,155,24%,4,3,1,1.57,301,13,8,4,5,85%,197,23%,1,1,0,Win,14,12,26,7,6,13,7,6,13,6,6,12,6,6,12,1,0,1,1,0,1,2,0,2
Lotus,Kess,100T,vyse,1.13,230,23,15,3,8,73%,153,25%,1,2,-1,1.22,227,11,7,1,4,77%,153,28%,1,1,0,1.04,234,12,8,2,4,69%,153,22%,0,1,-1,Win,14,12,26,7,6,13,7,6,13,6,6,12,6,6,12,1,0,1,1,0,1,2,0,2
Lotus,eeiu,100T,fade,1.1,189,19,16,9,3,85%,112,34%,1,3,-2,0.92,152,7,8,4,-1,69%,95,53%,0,1,-1,1.28,226,12,8,5,4,100%,128,23%,1,2,-1,Win,14,12,26,7,6,13,7,6,13,6,6,12,6,6,12,1,0,1,1,0,1,2,0,2
Lotus,Cryocells,100T,yoru,1.02,209,18,19,9,-1,88%,135,35%,4,2,2,0.95,228,11,11,0,0,85%,150,45%,1,1,0,1.08,192,7,8,9,-1,92%,121,24%,3,1,2,Win,14,12,26,7,6,13,7,6,13,6,6,12,6,6,12,1,0,1,1,0,1,2,0,2
Lotus,zander,100T,omen,0.93,181,17,17,6,0,62%,122,28%,2,2,0,0.94,155,7,8,6,-1,62%,106,24%,1,0,1,0.91,208,10,9,0,1,62%,139,30%,1,2,-1,Win,14,12,26,7,6,13,7,6,13,6,6,12,6,6,12,1,0,1,1,0,1,2,0,2
Sunset,Shyy,KRÜ,cypher,1.7,327,23,11,4,12,79%,216,48%,2,5,-3,3.28,607,16,2,1,14,71%,396,59%,1,2,-1,0.78,165,7,9,3,-2,83%,111,32%,1,3,-2,Win,13,6,19,6,1,7,7,5,12,6,1,7,7,5,12,0,0,0,0,0,0,0,0,0
Sunset,Mazino,KRÜ,sova,1.43,221,15,10,7,5,68%,160,26%,2,0,2,0.82,101,2,4,2,-2,71%,80,33%,0,0,0,1.78,292,13,6,5,7,67%,207,24%,2,0,2,Win,13,6,19,6,1,7,7,5,12,6,1,7,7,5,12,0,0,0,0,0,0,0,0,0
Sunset,keznit,KRÜ,yoru,1.18,256,16,14,10,2,84%,163,15%,2,2,0,0.86,181,4,5,4,-1,86%,114,14%,0,2,-2,1.37,300,12,9,6,3,83%,192,15%,2,0,2,Win,13,6,19,6,1,7,7,5,12,6,1,7,7,5,12,0,0,0,0,0,0,0,0,0
Sunset,Melser,KRÜ,omen,1.17,110,10,6,13,4,84%,72,21%,0,0,0,1.56,164,5,2,7,3,86%,88,20%,0,0,0,0.95,79,5,4,6,1,83%,64,23%,0,0,0,Win,13,6,19,6,1,7,7,5,12,6,1,7,7,5,12,0,0,0,0,0,0,0,0,0
Sunset,Dantedeu5,KRÜ,neon,0.8,171,12,12,4,0,63%,112,18%,1,5,-4,0.63,144,4,4,1,0,57%,88,21%,1,1,0,0.89,188,8,8,3,0,67%,126,16%,0,4,-4,Win,13,6,19,6,1,7,7,5,12,6,1,7,7,5,12,0,0,0,0,0,0,0,0,0
Sunset,skuba,NRG,omen,1.05,198,13,14,10,-1,63%,132,31%,2,0,2,1.07,164,6,8,10,-2,75%,124,33%,1,0,1,1,257,7,6,0,1,43%,145,29%,1,0,1,Loss,6,13,19,5,7,12,1,6,7,5,7,12,1,6,7,0,0,0,0,0,0,0,0,0
Sunset,mada,NRG,raze,0.97,211,13,16,5,-3,63%,142,34%,7,5,2,0.97,213,9,10,2,-1,58%,131,39%,4,4,0,0.95,209,4,6,3,-2,71%,161,28%,3,1,2,Loss,6,13,19,5,7,12,1,6,7,5,7,12,1,6,7,0,0,0,0,0,0,0,0,0
Sunset,brawk,NRG,sova,0.8,171,10,16,9,-6,68%,122,16%,1,1,0,1.19,221,9,9,7,0,83%,149,15%,0,0,0,0.11,85,1,7,2,-6,43%,77,18%,1,1,0,Loss,6,13,19,5,7,12,1,6,7,5,7,12,1,6,7,0,0,0,0,0,0,0,0,0
Sunset,Ethan,NRG,breach,0.69,133,9,15,5,-6,63%,91,28%,1,0,1,0.64,125,5,9,5,-4,58%,76,33%,1,0,1,0.79,149,4,6,0,-2,71%,116,21%,0,0,0,Loss,6,13,19,5,7,12,1,6,7,5,7,12,1,6,7,0,0,0,0,0,0,0,0,0
Sunset,s0m,NRG,cypher,0.55,134,8,15,4,-7,53%,99,20%,1,1,0,0.73,154,7,9,3,-2,67%,107,28%,1,1,0,0.24,101,1,6,1,-5,29%,86,12%,0,0,0,Loss,6,13,19,5,7,12,1,6,7,5,7,12,1,6,7,0,0,0,0,0,0,0,0,0
Lotus,keznit,KRÜ,raze,1.31,279,22,15,2,7,80%,170,23%,3,1,2,1.11,268,9,8,0,1,88%,165,39%,1,0,1,1.44,287,13,7,2,6,75%,173,16%,2,1,1,Loss,7,13,20,1,7,8,6,6,12,1,7,8,6,6,12,0,0,0,0,0,0,0,0,0
Lotus,Melser,KRÜ,omen,1.01,220,15,16,5,-1,75%,156,30%,5,2,3,0.12,67,1,8,2,-7,50%,65,30%,1,2,-1,1.59,322,14,8,3,6,92%,216,29%,4,0,4,Loss,7,13,20,1,7,8,6,6,12,1,7,8,6,6,12,0,0,0,0,0,0,0,0,0
Lotus,Shyy,KRÜ,viper,0.86,160,12,14,3,-2,70%,102,24%,0,0,0,1.29,261,8,7,1,1,75%,147,19%,0,0,0,0.57,94,4,7,2,-3,67%,72,36%,0,0,0,Loss,7,13,20,1,7,8,6,6,12,1,7,8,6,6,12,0,0,0,0,0,0,0,0,0
Lotus,Mazino,KRÜ,fade,0.41,123,6,17,13,-11,70%,74,12%,0,3,-3,0.02,64,1,8,3,-7,50%,46,9%,0,2,-2,0.73,163,5,9,10,-4,83%,93,13%,0,1,-1,Loss,7,13,20,1,7,8,6,6,12,1,7,8,6,6,12,0,0,0,0,0,0,0,0,0
Lotus,Dantedeu5,KRÜ,yoru,0.39,131,9,18,5,-9,70%,89,20%,2,4,-2,0.39,153,4,8,1,-4,50%,82,29%,1,1,0,0.38,117,5,10,4,-5,83%,93,15%,1,3,-2,Loss,7,13,20,1,7,8,6,6,12,1,7,8,6,6,12,0,0,0,0,0,0,0,0,0
Lotus,brawk,NRG,vyse,1.85,294,22,10,9,12,85%,183,14%,1,1,0,2.08,326,14,6,5,8,92%,203,14%,1,0,1,1.51,247,8,4,4,4,75%,152,13%,0,1,-1,Win,13,7,20,6,6,12,7,1,8,6,6,12,7,1,8,0,0,0,0,0,0,0,0,0
Lotus,skuba,NRG,viper,1.57,243,19,9,10,10,95%,155,28%,1,1,0,1.45,239,10,6,7,4,92%,154,30%,1,1,0,1.74,250,9,3,3,6,100%,155,25%,0,0,0,Win,13,7,20,6,6,12,7,1,8,6,6,12,7,1,8,0,0,0,0,0,0,0,0,0
Lotus,mada,NRG,raze,0.97,191,13,15,4,-2,75%,126,17%,6,4,2,0.47,129,5,11,2,-6,58%,85,24%,2,4,-2,1.74,286,8,4,2,4,100%,187,14%,4,0,4,Win,13,7,20,6,6,12,7,1,8,6,6,12,7,1,8,0,0,0,0,0,0,0,0,0
Lotus,Ethan,NRG,fade,0.88,186,12,15,13,-3,80%,113,18%,2,1,1,0.69,159,6,10,9,-4,67%,78,0%,1,1,0,1.16,229,6,5,4,1,100%,166,35%,1,0,1,Win,13,7,20,6,6,12,7,1,8,6,6,12,7,1,8,0,0,0,0,0,0,0,0,0
Lotus,s0m,NRG,omen,0.8,172,14,15,5,-1,80%,102,24%,0,3,-3,0.73,113,6,8,2,-2,67%,64,29%,0,1,-1,0.9,262,8,7,3,1,100%,157,21%,0,2,-2,Win,13,7,20,6,6,12,7,1,8,6,6,12,7,1,8,0,0,0,0,0,0,0,0,0
Haven,Shyy,KRÜ,cypher,1.02,205,13,14,2,-1,56%,143,35%,0,0,0,0.73,163,6,11,2,-5,50%,132,23%,0,0,0,1.61,290,7,3,0,4,67%,165,57%,0,0,0,Loss,5,13,18,2,10,12,3,3,6,2,10,12,3,3,6,0,0,0,0,0,0,0,0,0
Haven,keznit,KRÜ,yoru,0.96,243,16,16,2,0,67%,145,33%,4,4,0,0.89,205,10,11,1,-1,67%,122,35%,2,2,0,1.1,320,6,5,1,1,67%,190,31%,2,2,0,Loss,5,13,18,2,10,12,3,3,6,2,10,12,3,3,6,0,0,0,0,0,0,0,0,0
Haven,Mazino,KRÜ,sova,0.79,154,8,13,4,-5,50%,105,29%,0,1,-1,0.71,165,5,10,4,-5,50%,119,32%,0,1,-1,0.93,134,3,3,0,0,50%,79,25%,0,0,0,Loss,5,13,18,2,10,12,3,3,6,2,10,12,3,3,6,0,0,0,0,0,0,0,0,0
Haven,Melser,KRÜ,omen,0.5,120,7,15,7,-8,61%,73,32%,2,2,0,0.55,136,5,11,6,-6,75%,82,46%,2,1,1,0.39,90,2,4,1,-2,33%,56,0%,0,1,-1,Loss,5,13,18,2,10,12,3,3,6,2,10,12,3,3,6,0,0,0,0,0,0,0,0,0
Haven,Dantedeu5,KRÜ,neon,0.24,74,4,15,5,-11,61%,46,4%,1,4,-3,0.15,71,2,11,5,-9,67%,46,0%,1,3,-2,0.41,83,2,4,0,-2,50%,46,10%,0,1,-1,Loss,5,13,18,2,10,12,3,3,6,2,10,12,3,3,6,0,0,0,0,0,0,0,0,0
Haven,Ethan,NRG,omen,1.66,307,20,11,7,9,78%,200,30%,4,0,4,2.22,336,8,3,2,5,83%,174,44%,2,0,2,1.38,294,12,8,5,4,75%,213,24%,2,0,2,Win,13,5,18,3,3,6,10,2,12,3,3,6,10,2,12,0,0,0,0,0,0,0,0,0
Haven,skuba,NRG,killjoy,1.31,231,16,9,7,7,78%,164,22%,0,1,-1,0.94,162,3,4,4,-1,83%,130,24%,0,0,0,1.49,266,13,5,3,8,75%,181,21%,0,1,-1,Win,13,5,18,3,3,6,10,2,12,3,3,6,10,2,12,0,0,0,0,0,0,0,0,0
Haven,s0m,NRG,viper,1.25,211,12,10,12,2,83%,143,24%,4,3,1,0.69,159,3,5,2,-2,83%,104,50%,1,1,0,1.54,237,9,5,10,4,83%,163,21%,3,2,1,Win,13,5,18,3,3,6,10,2,12,3,3,6,10,2,12,0,0,0,0,0,0,0,0,0
Haven,mada,NRG,neon,1.19,195,14,8,3,6,72%,113,34%,1,2,-1,0.7,180,4,4,0,0,33%,95,43%,1,1,0,1.44,202,10,4,3,6,92%,122,32%,0,1,-1,Win,13,5,18,3,3,6,10,2,12,3,3,6,10,2,12,0,0,0,0,0,0,0,0,0
Haven,brawk,NRG,sova,1.11,157,11,10,5,1,78%,102,18%,2,1,1,0.46,60,1,4,0,-3,50%,51,20%,0,0,0,1.43,206,10,6,5,4,92%,127,17%,2,1,1,Win,13,5,18,3,3,6,10,2,12,3,3,6,10,2,12,0,0,0,0,0,0,0,0,0
Haven,Cryocells,100T,yoru,1.51,281,25,15,7,10,78%,192,39%,5,0,5,1.24,261,10,10,4,0,75%,169,32%,2,0,2,1.8,305,15,5,3,10,82%,217,48%,3,0,3,Win,13,10,23,3,9,12,10,1,11,3,9,12,10,1,11,0,0,0,0,0,0,0,0,0
Haven,Kess,100T,cypher,1.21,203,18,14,5,4,83%,126,46%,2,0,2,1.06,206,9,10,3,-1,67%,133,53%,1,0,1,1.38,201,9,4,2,5,100%,120,40%,1,0,1,Win,13,10,23,3,9,12,10,1,11,3,9,12,10,1,11,0,0,0,0,0,0,0,0,0
Haven,eeiu,100T,sova,1.04,174,14,13,6,1,65%,128,22%,3,0,3,0.33,53,2,9,2,-7,50%,40,40%,0,0,0,1.82,306,12,4,4,8,82%,224,20%,3,0,3,Win,13,10,23,3,9,12,10,1,11,3,9,12,10,1,11,0,0,0,0,0,0,0,0,0
Haven,zander,100T,omen,0.98,237,19,17,11,2,74%,152,27%,4,6,-2,0.6,168,7,10,4,-3,58%,99,35%,2,4,-2,1.4,313,12,7,7,5,91%,210,24%,2,2,0,Win,13,10,23,3,9,12,10,1,11,3,9,12,10,1,11,0,0,0,0,0,0,0,0,0
Haven,Asuna,100T,neon,0.61,123,8,17,4,-9,70%,95,13%,1,2,-1,0.41,132,4,11,1,-7,58%,98,12%,1,2,-1,0.83,115,4,6,3,-2,82%,92,16%,0,0,0,Win,13,10,23,3,9,12,10,1,11,3,9,12,10,1,11,0,0,0,0,0,0,0,0,0
Haven,tex,LEV,cypher,1.4,265,21,15,4,6,74%,162,56%,1,2,-1,0.93,184,6,9,2,-3,73%,119,54%,0,1,-1,1.83,341,15,6,2,9,75%,202,58%,1,1,0,Loss,10,13,23,1,10,11,9,3,12,1,10,11,9,3,12,0,0,0,0,0,0,0,0,0
Haven,C0M,LEV,sova,1.07,207,16,16,8,0,65%,149,42%,2,1,1,0.39,145,5,11,2,-6,45%,110,33%,0,1,-1,1.69,265,11,5,6,6,83%,185,48%,2,0,2,Loss,10,13,23,1,10,11,9,3,12,1,10,11,9,3,12,0,0,0,0,0,0,0,0,0
Haven,Sato,LEV,yoru,0.84,200,16,19,5,-3,70%,131,50%,2,5,-3,1.03,222,9,10,2,-1,64%,143,56%,1,2,-1,0.66,182,7,9,3,-2,75%,120,44%,1,3,-2,Loss,10,13,23,1,10,11,9,3,12,1,10,11,9,3,12,0,0,0,0,0,0,0,0,0
Haven,kiNgg,LEV,omen,0.83,125,9,16,11,-7,74%,84,22%,0,2,-2,0.55,130,4,11,4,-7,64%,87,22%,0,0,0,1.09,122,5,5,7,0,83%,82,22%,0,2,-2,Loss,10,13,23,1,10,11,9,3,12,1,10,11,9,3,12,0,0,0,0,0,0,0,0,0
Haven,Okeanos,LEV,neon,0.69,187,14,18,5,-4,52%,137,27%,3,5,-2,0.11,96,2,11,3,-9,45%,75,19%,1,5,-4,1.23,272,12,7,2,5,58%,195,31%,2,0,2,Loss,10,13,23,1,10,11,9,3,12,1,10,11,9,3,12,0,0,0,0,0,0,0,0,0
Sunset,Cryocells,100T,yoru,1.04,243,20,20,5,0,65%,154,20%,4,3,1,1.36,259,11,9,2,2,64%,167,28%,1,2,-1,0.74,230,9,11,3,-2,67%,143,11%,3,1,2,Loss,10,13,23,5,6,11,5,7,12,5,6,11,5,7,12,0,0,0,0,0,0,0,0,0
Sunset,zander,100T,omen,0.95,214,16,19,8,-3,70%,154,29%,1,3,-2,0.73,209,7,11,4,-4,73%,154,17%,1,1,0,1.16,219,9,8,4,1,67%,154,50%,0,2,-2,Loss,10,13,23,5,6,11,5,7,12,5,6,11,5,7,12,0,0,0,0,0,0,0,0,0
Sunset,Asuna,100T,neon,0.83,192,15,17,4,-2,65%,108,19%,3,4,-1,0.6,182,7,9,0,-2,55%,101,19%,2,1,1,1.04,203,8,8,4,0,75%,115,20%,1,3,-2,Loss,10,13,23,5,6,11,5,7,12,5,6,11,5,7,12,0,0,0,0,0,0,0,0,0
Sunset,Kess,100T,cypher,0.68,138,11,17,3,-6,70%,96,46%,1,1,0,0.83,192,8,9,2,-1,73%,124,58%,1,1,0,0.54,90,3,8,1,-5,67%,71,36%,0,0,0,Loss,10,13,23,5,6,11,5,7,12,5,6,11,5,7,12,0,0,0,0,0,0,0,0,0
Sunset,eeiu,100T,sova,0.59,133,11,18,4,-7,70%,95,25%,1,2,-1,0.43,100,4,9,0,-5,55%,89,21%,0,1,-1,0.74,165,7,9,4,-2,83%,100,29%,1,1,0,Loss,10,13,23,5,6,11,5,7,12,5,6,11,5,7,12,0,0,0,0,0,0,0,0,0
Sunset,Okeanos,LEV,kayo,1.41,219,17,13,21,4,87%,151,27%,0,0,0,1.62,237,10,6,13,4,92%,142,24%,0,0,0,1.17,200,7,7,8,0,82%,162,29%,0,0,0,Win,13,10,23,7,5,12,6,5,11,7,5,12,6,5,11,0,0,0,0,0,0,0,0,0
Sunset,Sato,LEV,neon,1.26,286,23,17,9,6,83%,181,35%,3,3,0,0.89,234,10,9,3,1,75%,134,30%,3,2,1,1.67,342,13,8,6,5,91%,233,38%,0,1,-1,Win,13,10,23,7,5,12,6,5,11,7,5,12,6,5,11,0,0,0,0,0,0,0,0,0
Sunset,C0M,LEV,sova,1.24,252,21,15,7,6,78%,154,42%,4,3,1,1.41,265,11,7,4,4,92%,171,42%,1,0,1,1.04,238,10,8,3,2,64%,136,42%,3,3,0,Win,13,10,23,7,5,12,6,5,11,7,5,12,6,5,11,0,0,0,0,0,0,0,0,0
Sunset,kiNgg,LEV,omen,1.18,193,15,15,12,0,83%,123,28%,2,1,1,1.05,159,6,8,7,-2,75%,112,27%,0,1,-1,1.33,232,9,7,5,2,91%,135,29%,2,0,2,Win,13,10,23,7,5,12,6,5,11,7,5,12,6,5,11,0,0,0,0,0,0,0,0,0
Sunset,tex,LEV,vyse,1.04,176,15,13,7,2,83%,125,37%,4,3,1,1.08,138,7,6,2,1,83%,102,33%,3,2,1,1,219,8,7,5,1,82%,150,38%,1,1,0,Win,13,10,23,7,5,12,6,5,11,7,5,12,6,5,11,0,0,0,0,0,0,0,0,0
Lotus,Asuna,100T,raze,0.78,208,10,13,3,-3,60%,131,29%,1,2,-1,0.71,194,7,11,2,-4,58%,132,28%,1,2,-1,1.07,265,3,2,1,1,67%,126,33%,0,0,0,Loss,2,13,15,2,10,12,0,3,3,2,10,12,0,3,3,0,0,0,0,0,0,0,0,0
Lotus,Cryocells,100T,yoru,0.7,153,8,12,0,-4,47%,104,38%,1,2,-1,0.83,164,7,9,0,-2,50%,112,41%,1,2,-1,0.18,110,1,3,0,-2,33%,75,25%,0,0,0,Loss,2,13,15,2,10,12,0,3,3,2,10,12,0,3,3,0,0,0,0,0,0,0,0,0
Lotus,zander,100T,omen,0.53,169,7,15,4,-8,53%,101,26%,0,1,-1,0.58,182,6,12,4,-6,58%,107,32%,0,1,-1,0.36,119,1,3,0,-2,33%,76,13%,0,0,0,Loss,2,13,15,2,10,12,0,3,3,2,10,12,0,3,3,0,0,0,0,0,0,0,0,0
Lotus,eeiu,100T,fade,0.47,135,7,14,2,-7,67%,78,25%,1,4,-3,0.52,143,6,11,1,-5,75%,81,45%,1,3,-2,0.25,103,1,3,1,-2,33%,67,0%,0,1,-1,Loss,2,13,15,2,10,12,0,3,3,2,10,12,0,3,3,0,0,0,0,0,0,0,0,0
Lotus,Kess,100T,vyse,0.3,119,5,14,2,-9,47%,83,24%,0,3,-3,0.35,114,4,11,2,-7,50%,79,33%,0,1,-1,0.07,142,1,3,0,-2,33%,100,11%,0,2,-2,Loss,2,13,15,2,10,12,0,3,3,2,10,12,0,3,3,0,0,0,0,0,0,0,0,0
Lotus,Sato,LEV,raze,2.24,450,24,7,2,17,80%,281,31%,3,1,2,2.29,424,5,1,0,4,100%,259,42%,2,0,2,2.23,457,19,6,2,13,75%,287,29%,1,1,0,Win,13,2,15,3,0,3,10,2,12,3,0,3,10,2,12,0,0,0,0,0,0,0,0,0
Lotus,tex,LEV,vyse,1.3,194,10,6,7,4,100%,123,23%,3,1,2,1.82,313,3,1,2,2,100%,176,50%,1,0,1,1.17,165,7,5,5,2,100%,109,16%,2,1,1,Win,13,2,15,3,0,3,10,2,12,3,0,3,10,2,12,0,0,0,0,0,0,0,0,0
Lotus,C0M,LEV,fade,1.28,193,10,7,6,3,87%,159,35%,2,0,2,0.96,83,1,1,1,0,100%,51,25%,0,0,0,1.36,221,9,6,5,3,83%,186,37%,2,0,2,Win,13,2,15,3,0,3,10,2,12,3,0,3,10,2,12,0,0,0,0,0,0,0,0,0
Lotus,Okeanos,LEV,omen,1.2,209,14,8,3,6,80%,147,31%,2,1,1,1.6,255,4,1,0,3,100%,167,36%,0,0,0,1.11,199,10,7,3,3,75%,142,29%,2,1,1,Win,13,2,15,3,0,3,10,2,12,3,0,3,10,2,12,0,0,0,0,0,0,0,0,0
Lotus,kiNgg,LEV,viper,1.03,163,10,9,7,1,87%,88,15%,2,0,2,0.64,143,1,3,2,-2,100%,103,13%,0,0,0,1.12,168,9,6,5,3,83%,84,15%,2,0,2,Win,13,2,15,3,0,3,10,2,12,3,0,3,10,2,12,0,0,0,0,0,0,0,0,0
Corrode,adverso,FUR,fade,0.95,209,13,15,8,-2,68%,127,19%,2,0,2,0.44,158,4,7,2,-3,71%,75,17%,1,0,1,1.24,239,9,8,6,1,67%,157,20%,1,0,1,Loss,6,13,19,2,5,7,4,8,12,2,5,7,4,8,12,0,0,0,0,0,0,0,0,0
Corrode,Palla,FUR,neon,0.95,212,14,16,5,-2,63%,147,35%,3,7,-4,1.28,289,7,6,1,1,57%,189,35%,1,3,-2,0.75,167,7,10,4,-3,67%,122,35%,2,4,-2,Loss,6,13,19,2,5,7,4,8,12,2,5,7,4,8,12,0,0,0,0,0,0,0,0,0
Corrode,Urango,FUR,sage,0.83,189,13,17,6,-4,74%,116,48%,0,3,-3,1.15,213,5,6,4,-1,100%,108,43%,0,0,0,0.65,176,8,11,2,-3,58%,121,53%,0,3,-3,Loss,6,13,19,2,5,7,4,8,12,2,5,7,4,8,12,0,0,0,0,0,0,0,0,0
Corrode,tuyz,FUR,omen,0.62,154,10,17,4,-7,53%,109,21%,0,0,0,0.5,185,4,7,0,-3,43%,146,12%,0,0,0,0.69,137,6,10,4,-4,58%,87,29%,0,0,0,Loss,6,13,19,2,5,7,4,8,12,2,5,7,4,8,12,0,0,0,0,0,0,0,0,0
Corrode,heat,FUR,viper,0.16,63,4,18,3,-14,42%,56,31%,1,3,-2,0.01,48,1,8,1,-7,43%,38,100%,0,2,-2,0.39,72,3,10,2,-7,42%,66,25%,1,1,0,Loss,6,13,19,2,5,7,4,8,12,2,5,7,4,8,12,0,0,0,0,0,0,0,0,0
Corrode,NaturE,EG,sova,1.39,238,14,9,15,5,89%,162,24%,2,0,2,1.24,231,9,7,4,2,83%,164,30%,1,0,1,1.65,252,5,2,11,3,100%,158,13%,1,0,1,Win,13,6,19,8,4,12,5,2,7,8,4,12,5,2,7,0,0,0,0,0,0,0,0,0
Corrode,yay,EG,chamber,1.37,280,18,12,4,6,74%,170,30%,4,2,2,0.92,164,6,7,2,-1,67%,110,24%,2,2,0,2.15,481,12,5,2,7,86%,272,38%,2,0,2,Win,13,6,19,8,4,12,5,2,7,8,4,12,5,2,7,0,0,0,0,0,0,0,0,0
Corrode,icy,EG,neon,1.36,254,20,11,3,9,84%,160,35%,3,3,0,1.59,309,15,6,1,9,83%,172,45%,2,2,0,0.97,162,5,5,2,0,86%,140,20%,1,1,0,Win,13,6,19,8,4,12,5,2,7,8,4,12,5,2,7,0,0,0,0,0,0,0,0,0
Corrode,Derrek,EG,omen,1.32,266,17,12,9,5,89%,157,31%,3,0,3,1.21,236,9,8,6,1,92%,131,33%,2,0,2,1.51,319,8,4,3,4,86%,200,29%,1,0,1,Win,13,6,19,8,4,12,5,2,7,8,4,12,5,2,7,0,0,0,0,0,0,0,0,0
Corrode,supamen,EG,viper,1.12,185,14,10,3,4,68%,132,41%,1,1,0,1.38,215,10,5,2,5,67%,162,50%,1,0,1,0.68,135,4,5,1,-1,71%,80,20%,0,1,-1,Win,13,6,19,8,4,12,5,2,7,8,4,12,5,2,7,0,0,0,0,0,0,0,0,0
Ascent,heat,FUR,chamber,1.16,202,16,15,6,1,73%,130,21%,4,4,0,0.99,171,8,8,4,0,83%,102,8%,2,1,1,1.35,240,8,7,2,1,60%,165,31%,2,3,-1,Loss,9,13,22,4,8,12,5,5,10,4,8,12,5,5,10,0,0,0,0,0,0,0,0,0
Ascent,Palla,FUR,yoru,1.15,223,17,15,4,2,68%,143,47%,4,4,0,1.4,293,11,9,3,2,83%,185,50%,2,2,0,0.84,139,6,6,1,0,50%,92,38%,2,2,0,Loss,9,13,22,4,8,12,5,5,10,4,8,12,5,5,10,0,0,0,0,0,0,0,0,0
Ascent,tuyz,FUR,omen,0.98,182,15,17,9,-2,73%,128,20%,0,0,0,0.97,181,9,9,4,0,75%,122,23%,0,0,0,0.98,184,6,8,5,-2,70%,136,17%,0,0,0,Loss,9,13,22,4,8,12,5,5,10,4,8,12,5,5,10,0,0,0,0,0,0,0,0,0
Ascent,adverso,FUR,vyse,0.57,133,10,18,4,-8,64%,85,20%,1,2,-1,0.3,126,5,11,2,-6,58%,82,20%,1,2,-1,0.9,142,5,7,2,-2,70%,87,19%,0,0,0,Loss,9,13,22,4,8,12,5,5,10,4,8,12,5,5,10,0,0,0,0,0,0,0,0,0
Ascent,Urango,FUR,sova,0.48,156,11,20,5,-9,77%,118,36%,0,3,-3,0.44,149,7,11,4,-4,67%,119,35%,0,2,-2,0.53,165,4,9,1,-5,90%,116,38%,0,1,-1,Loss,9,13,22,4,8,12,5,5,10,4,8,12,5,5,10,0,0,0,0,0,0,0,0,0
Ascent,supamen,EG,omen,1.64,260,21,11,19,10,91%,158,38%,2,1,1,2.04,330,13,4,6,9,90%,211,43%,1,0,1,1.3,203,8,7,13,1,92%,115,32%,1,1,0,Win,13,9,22,5,5,10,8,4,12,5,5,10,8,4,12,0,0,0,0,0,0,0,0,0
Ascent,yay,EG,jett,1.25,316,23,17,6,6,64%,209,22%,6,6,0,1.11,269,9,7,3,2,70%,181,25%,4,2,2,1.37,357,14,10,3,4,58%,233,17%,2,4,-2,Win,13,9,22,5,5,10,8,4,12,5,5,10,8,4,12,0,0,0,0,0,0,0,0,0
Ascent,icy,EG,cypher,1.21,204,18,14,5,4,82%,130,24%,2,1,1,0.77,133,5,7,2,-2,80%,96,42%,0,1,-1,1.57,264,13,7,3,6,83%,159,18%,2,0,2,Win,13,9,22,5,5,10,8,4,12,5,5,10,8,4,12,0,0,0,0,0,0,0,0,0
Ascent,Derrek,EG,sova,0.98,173,13,14,9,-1,77%,133,16%,1,1,0,0.88,112,4,5,2,-1,80%,102,20%,0,1,-1,1.07,225,9,9,7,0,75%,158,12%,1,0,1,Win,13,9,22,5,5,10,8,4,12,5,5,10,8,4,12,0,0,0,0,0,0,0,0,0
Ascent,NaturE,EG,kayo,0.93,138,9,13,20,-4,91%,91,6%,2,0,2,0.91,164,5,7,10,-2,100%,101,8%,1,0,1,0.95,117,4,6,10,-2,83%,83,4%,1,0,1,Win,13,9,22,5,5,10,8,4,12,5,5,10,8,4,12,0,0,0,0,0,0,0,0,0
Sunset,spike,2G,neon,1.35,304,24,15,7,9,86%,179,19%,10,5,5,1.54,344,12,6,3,6,90%,201,17%,5,1,4,1.2,271,12,9,4,3,83%,160,21%,5,4,1,Win,13,9,22,8,2,10,5,7,12,8,2,10,5,7,12,0,0,0,0,0,0,0,0,0
Sunset,pryze,2G,sova,1.2,227,16,15,10,1,68%,154,32%,2,0,2,1.3,242,9,6,2,3,70%,167,38%,1,0,1,1.11,215,7,9,8,-2,67%,144,28%,1,0,1,Win,13,9,22,8,2,10,5,7,12,8,2,10,5,7,12,0,0,0,0,0,0,0,0,0
Sunset,silentzz,2G,cypher,1.14,200,17,13,5,4,73%,141,49%,0,1,-1,1.44,212,8,4,2,4,80%,142,47%,0,1,-1,0.89,191,9,9,3,0,67%,139,50%,0,0,0,Win,13,9,22,8,2,10,5,7,12,8,2,10,5,7,12,0,0,0,0,0,0,0,0,0
Sunset,gobera,2G,breach,1.12,188,16,14,12,2,68%,118,31%,0,1,-1,0.9,148,6,6,6,0,60%,85,19%,0,1,-1,1.31,223,10,8,6,2,75%,145,39%,0,0,0,Win,13,9,22,8,2,10,5,7,12,8,2,10,5,7,12,0,0,0,0,0,0,0,0,0
Sunset,lz,2G,omen,0.93,122,10,8,7,2,82%,74,29%,2,1,1,1.21,154,6,2,5,4,100%,80,23%,1,0,1,0.71,96,4,6,2,-2,67%,68,36%,1,1,0,Win,13,9,22,8,2,10,5,7,12,8,2,10,5,7,12,0,0,0,0,0,0,0,0,0
Sunset,N4RRATE,SEN,fade,1.27,277,20,17,7,3,64%,192,22%,3,3,0,1.44,287,13,8,3,5,75%,201,27%,1,1,0,1.07,267,7,9,4,-2,50%,182,17%,2,2,0,Loss,9,13,22,7,5,12,2,8,10,7,5,12,2,8,10,0,0,0,0,0,0,0,0,0
Sunset,zekken,SEN,neon,0.93,191,15,15,3,0,59%,136,25%,2,6,-4,1.49,323,14,8,2,6,75%,216,29%,2,3,-1,0.26,33,1,7,1,-6,40%,40,10%,0,3,-3,Loss,9,13,22,7,5,12,2,8,10,7,5,12,2,8,10,0,0,0,0,0,0,0,0,0
Sunset,johnqt,SEN,cypher,0.83,167,13,16,5,-3,64%,125,29%,0,3,-3,0.79,179,7,9,3,-2,58%,138,21%,0,3,-3,0.88,153,6,7,2,-1,70%,109,46%,0,0,0,Loss,9,13,22,7,5,12,2,8,10,7,5,12,2,8,10,0,0,0,0,0,0,0,0,0
Sunset,bang,SEN,omen,0.66,179,12,18,8,-6,68%,104,16%,1,0,1,0.51,126,4,9,4,-5,58%,81,14%,1,0,1,0.84,245,8,9,4,-1,80%,133,19%,0,0,0,Loss,9,13,22,7,5,12,2,8,10,7,5,12,2,8,10,0,0,0,0,0,0,0,0,0
Sunset,Zellsis,SEN,breach,0.51,79,5,17,10,-12,64%,50,20%,2,2,0,0.69,89,3,8,6,-5,75%,49,30%,1,0,1,0.3,69,2,9,4,-7,50%,50,10%,1,2,-1,Loss,9,13,22,7,5,12,2,8,10,7,5,12,2,8,10,0,0,0,0,0,0,0,0,0
Lotus,silentzz,2G,viper,0.93,144,8,12,5,-4,71%,108,26%,0,0,0,0.63,106,3,9,4,-6,58%,85,21%,0,0,0,1.68,236,5,3,1,2,100%,163,33%,0,0,0,Loss,4,13,17,2,10,12,2,3,5,2,10,12,2,3,5,0,0,0,0,0,0,0,0,0
Lotus,lz,2G,omen,0.7,143,8,14,6,-6,59%,79,29%,0,3,-3,0.94,194,8,10,4,-2,58%,105,27%,0,2,-2,0.11,24,0,4,2,-4,60%,19,50%,0,1,-1,Loss,4,13,17,2,10,12,2,3,5,2,10,12,2,3,5,0,0,0,0,0,0,0,0,0
Lotus,spike,2G,neon,0.5,179,9,15,2,-6,41%,108,18%,3,9,-6,0.19,113,3,11,1,-8,25%,74,11%,1,8,-7,1.23,340,6,4,1,2,80%,190,31%,2,1,1,Loss,4,13,17,2,10,12,2,3,5,2,10,12,2,3,5,0,0,0,0,0,0,0,0,0
Lotus,pryze,2G,fade,0.49,177,8,17,4,-9,35%,124,18%,0,2,-2,0.53,189,6,12,2,-6,33%,132,23%,0,1,-1,0.38,151,2,5,2,-3,40%,105,7%,0,1,-1,Loss,4,13,17,2,10,12,2,3,5,2,10,12,2,3,5,0,0,0,0,0,0,0,0,0
Lotus,gobera,2G,breach,0.4,99,5,16,6,-11,47%,62,33%,0,0,0,0.41,90,3,11,4,-8,42%,62,36%,0,0,0,0.38,121,2,5,2,-3,60%,64,29%,0,0,0,Loss,4,13,17,2,10,12,2,3,5,2,10,12,2,3,5,0,0,0,0,0,0,0,0,0
Lotus,bang,SEN,omen,1.73,282,18,7,9,11,100%,182,24%,2,0,2,1.79,339,7,3,1,4,100%,216,33%,0,0,0,1.7,259,11,4,8,7,100%,168,20%,2,0,2,Win,13,4,17,3,2,5,10,2,12,3,2,5,10,2,12,0,0,0,0,0,0,0,0,0
Lotus,johnqt,SEN,viper,1.71,232,14,5,12,9,100%,143,24%,4,0,4,1.46,194,3,2,4,1,100%,123,38%,1,0,1,1.81,249,11,3,8,8,100%,151,21%,3,0,3,Win,13,4,17,3,2,5,10,2,12,3,2,5,10,2,12,0,0,0,0,0,0,0,0,0
Lotus,N4RRATE,SEN,fade,1.62,254,16,8,9,8,88%,162,25%,3,1,2,1.15,159,3,3,3,0,100%,88,21%,0,1,-1,1.81,294,13,5,6,8,83%,192,26%,3,0,3,Win,13,4,17,3,2,5,10,2,12,3,2,5,10,2,12,0,0,0,0,0,0,0,0,0
Lotus,zekken,SEN,raze,1.34,290,17,9,3,8,82%,177,17%,4,1,3,1.69,355,6,3,1,3,100%,208,24%,2,0,2,1.19,264,11,6,2,5,75%,164,14%,2,1,1,Win,13,4,17,3,2,5,10,2,12,3,2,5,10,2,12,0,0,0,0,0,0,0,0,0
Lotus,Zellsis,SEN,vyse,0.8,124,9,9,6,0,65%,71,24%,1,1,0,0.18,89,2,4,0,-2,40%,78,50%,0,1,-1,1.06,139,7,5,6,2,75%,68,19%,1,0,1,Win,13,4,17,3,2,5,10,2,12,3,2,5,10,2,12,0,0,0,0,0,0,0,0,0
Haven,silentzz,2G,iso,1.2,278,16,13,1,3,59%,189,59%,2,4,-2,1.5,335,6,4,0,2,60%,214,55%,1,1,0,1.07,255,10,9,1,1,58%,179,62%,1,3,-2,Loss,4,13,17,1,4,5,3,9,12,1,4,5,3,9,12,0,0,0,0,0,0,0,0,0
Haven,spike,2G,yoru,0.94,211,13,13,0,0,53%,130,41%,4,4,0,0.57,123,3,4,0,-1,40%,78,50%,1,1,0,1.09,248,10,9,0,1,58%,151,39%,3,3,0,Loss,4,13,17,1,4,5,3,9,12,1,4,5,3,9,12,0,0,0,0,0,0,0,0,0
Haven,lz,2G,omen,0.77,115,6,13,6,-7,65%,80,44%,1,1,0,0.41,72,1,5,2,-4,60%,39,50%,1,0,1,0.93,134,5,8,4,-3,67%,97,43%,0,1,-1,Loss,4,13,17,1,4,5,3,9,12,1,4,5,3,9,12,0,0,0,0,0,0,0,0,0
Haven,gobera,2G,cypher,0.27,47,2,14,3,-12,35%,35,17%,0,0,0,0.06,52,0,5,2,-5,20%,52,17%,0,0,0,0.36,45,2,9,1,-7,42%,27,17%,0,0,0,Loss,4,13,17,1,4,5,3,9,12,1,4,5,3,9,12,0,0,0,0,0,0,0,0,0
Haven,pryze,2G,sova,0.1,58,1,15,2,-14,29%,52,5%,0,1,-1,0.02,33,0,5,1,-5,20%,33,0%,0,0,0,0.18,69,1,10,1,-9,33%,60,8%,0,1,-1,Loss,4,13,17,1,4,5,3,9,12,1,4,5,3,9,12,0,0,0,0,0,0,0,0,0
Haven,johnqt,SEN,viper,1.57,220,15,5,5,10,94%,143,32%,2,1,1,1.32,164,8,3,2,5,92%,119,56%,1,1,0,2.18,356,7,2,3,5,100%,202,14%,1,0,1,Win,13,4,17,9,3,12,4,1,5,9,3,12,4,1,5,0,0,0,0,0,0,0,0,0
Haven,bang,SEN,omen,1.45,272,17,8,6,9,82%,163,31%,1,2,-1,1.66,295,13,5,4,8,83%,179,39%,1,0,1,0.95,219,4,3,2,1,80%,124,14%,0,2,-2,Win,13,4,17,9,3,12,4,1,5,9,3,12,4,1,5,0,0,0,0,0,0,0,0,0
Haven,N4RRATE,SEN,sova,1.22,194,12,7,8,5,82%,136,29%,0,1,-1,1.25,190,9,5,4,4,83%,132,42%,0,1,-1,1.16,206,3,2,4,1,80%,145,12%,0,0,0,Win,13,4,17,9,3,12,4,1,5,9,3,12,4,1,5,0,0,0,0,0,0,0,0,0
Haven,Zellsis,SEN,killjoy,1.15,184,12,8,2,4,76%,115,31%,2,2,0,0.96,160,7,7,2,0,75%,113,23%,1,1,0,1.58,242,5,1,0,4,80%,118,44%,1,1,0,Win,13,4,17,9,3,12,4,1,5,9,3,12,4,1,5,0,0,0,0,0,0,0,0,0
Haven,zekken,SEN,neon,1.13,205,12,10,4,2,71%,119,26%,5,1,4,0.92,199,8,8,1,0,58%,112,41%,5,1,4,1.65,220,4,2,3,2,100%,137,0%,0,0,0,Win,13,4,17,9,3,12,4,1,5,9,3,12,4,1,5,0,0,0,0,0,0,0,0,0
Ascent,BABYBAY,G2,chamber,1.53,255,21,12,1,9,76%,168,17%,3,1,2,1.61,292,13,8,0,5,67%,187,24%,1,1,0,1.41,206,8,4,1,4,89%,141,0%,2,0,2,Win,13,8,21,6,6,12,7,2,9,6,6,12,7,2,9,0,0,0,0,0,0,0,0,0
Ascent,jawgemo,G2,yoru,1.17,252,19,15,6,4,76%,163,27%,6,0,6,0.7,190,8,11,1,-3,58%,115,28%,4,0,4,1.8,336,11,4,5,7,100%,226,26%,2,0,2,Win,13,8,21,6,6,12,7,2,9,6,6,12,7,2,9,0,0,0,0,0,0,0,0,0
Ascent,trent,G2,sova,0.99,176,10,13,11,-3,67%,134,26%,1,4,-3,0.53,120,4,9,3,-5,50%,85,21%,1,3,-2,1.59,251,6,4,8,2,89%,199,29%,0,1,-1,Win,13,8,21,6,6,12,7,2,9,6,6,12,7,2,9,0,0,0,0,0,0,0,0,0
Ascent,valyn,G2,omen,0.98,176,13,14,10,-1,81%,103,20%,1,2,-1,0.9,177,7,9,5,-2,75%,107,29%,0,1,-1,1.08,175,6,5,5,1,89%,98,9%,1,1,0,Win,13,8,21,6,6,12,7,2,9,6,6,12,7,2,9,0,0,0,0,0,0,0,0,0
Ascent,JonahP,G2,vyse,0.79,164,13,14,5,-1,67%,99,11%,1,2,-1,0.34,141,6,11,1,-5,67%,87,8%,0,1,-1,1.39,195,7,3,4,4,67%,115,15%,1,1,0,Win,13,8,21,6,6,12,7,2,9,6,6,12,7,2,9,0,0,0,0,0,0,0,0,0
Ascent,OXY,C9,yoru,1.38,292,22,15,2,7,76%,170,47%,5,4,1,0.84,206,6,8,2,-2,56%,137,40%,2,3,-1,1.79,357,16,7,0,9,92%,195,53%,3,1,2,Loss,8,13,21,2,7,9,6,6,12,2,7,9,6,6,12,0,0,0,0,0,0,0,0,0
Ascent,v1c,C9,omen,0.84,172,14,15,4,-1,71%,106,29%,1,1,0,0.81,111,4,6,3,-2,67%,60,25%,0,0,0,0.86,219,10,9,1,1,75%,140,31%,1,1,0,Loss,8,13,21,2,7,9,6,6,12,2,7,9,6,6,12,0,0,0,0,0,0,0,0,0
Ascent,Xeppaa,C9,vyse,0.82,140,11,15,5,-4,71%,95,38%,0,1,-1,0.84,113,4,7,3,-3,44%,80,23%,0,0,0,0.8,160,7,8,2,-1,92%,106,46%,0,1,-1,Loss,8,13,21,2,7,9,6,6,12,2,7,9,6,6,12,0,0,0,0,0,0,0,0,0
Ascent,mitch,C9,sova,0.71,163,10,15,4,-5,67%,116,22%,3,3,0,0.04,64,1,8,3,-7,56%,48,10%,1,2,-1,1.23,238,9,7,1,2,75%,167,26%,2,1,1,Loss,8,13,21,2,7,9,6,6,12,2,7,9,6,6,12,0,0,0,0,0,0,0,0,0
Ascent,neT,C9,deadlock,0.7,159,11,16,3,-5,57%,108,27%,0,3,-3,0.55,180,5,9,1,-4,67%,121,10%,0,1,-1,0.82,144,6,7,2,-1,50%,98,60%,0,2,-2,Loss,8,13,21,2,7,9,6,6,12,2,7,9,6,6,12,0,0,0,0,0,0,0,0,0
Lotus,jawgemo,G2,yoru,1.36,293,24,16,8,8,86%,177,22%,4,2,2,1.1,224,9,7,1,2,80%,141,38%,1,1,0,1.57,351,15,9,7,6,92%,207,16%,3,1,2,Win,13,9,22,5,5,10,8,4,12,5,5,10,8,4,12,0,0,0,0,0,0,0,0,0
Lotus,BABYBAY,G2,viper,1.16,228,16,14,8,2,68%,142,17%,3,3,0,0.86,180,5,7,4,-2,50%,115,19%,1,2,-1,1.4,270,11,7,4,4,83%,165,16%,2,1,1,Win,13,9,22,5,5,10,8,4,12,5,5,10,8,4,12,0,0,0,0,0,0,0,0,0
Lotus,valyn,G2,omen,1.12,250,21,16,8,5,82%,161,32%,2,0,2,1.15,277,11,9,2,2,80%,172,35%,2,0,2,1.1,228,10,7,6,3,83%,152,29%,0,0,0,Win,13,9,22,5,5,10,8,4,12,5,5,10,8,4,12,0,0,0,0,0,0,0,0,0
Lotus,JonahP,G2,fade,0.92,198,16,16,5,0,82%,125,30%,2,1,1,0.82,226,8,9,3,-1,70%,161,32%,0,1,-1,1,175,8,7,2,1,92%,96,27%,2,0,2,Win,13,9,22,5,5,10,8,4,12,5,5,10,8,4,12,0,0,0,0,0,0,0,0,0
Lotus,trent,G2,tejo,0.68,115,10,15,5,-5,77%,77,14%,3,2,1,0.67,143,5,7,2,-2,80%,82,10%,2,0,2,0.69,92,5,8,3,-3,75%,72,23%,1,2,-1,Win,13,9,22,5,5,10,8,4,12,5,5,10,8,4,12,0,0,0,0,0,0,0,0,0
Lotus,OXY,C9,neon,1.47,336,24,19,7,5,95%,218,37%,6,3,3,1.94,407,16,9,4,7,100%,270,51%,2,0,2,0.89,251,8,10,3,-2,90%,155,20%,4,3,1,Loss,9,13,22,4,8,12,5,5,10,4,8,12,5,5,10,0,0,0,0,0,0,0,0,0
Lotus,neT,C9,viper,1.07,171,15,15,3,0,77%,99,24%,2,4,-2,0.69,116,5,9,2,-4,58%,74,15%,2,4,-2,1.52,237,10,6,1,4,100%,129,33%,0,0,0,Loss,9,13,22,4,8,12,5,5,10,4,8,12,5,5,10,0,0,0,0,0,0,0,0,0
Lotus,v1c,C9,omen,0.93,215,16,17,8,-1,68%,153,24%,0,1,-1,0.84,173,7,10,5,-3,67%,109,17%,0,0,0,1.03,266,9,7,3,2,70%,207,30%,0,1,-1,Loss,9,13,22,4,8,12,5,5,10,4,8,12,5,5,10,0,0,0,0,0,0,0,0,0
Lotus,Xeppaa,C9,vyse,0.81,175,13,17,9,-4,77%,110,17%,0,2,-2,0.43,124,4,10,4,-6,75%,82,14%,0,2,-2,1.25,238,9,7,5,2,80%,145,21%,0,0,0,Loss,9,13,22,4,8,12,5,5,10,4,8,12,5,5,10,0,0,0,0,0,0,0,0,0
Lotus,mitch,C9,fade,0.47,136,9,19,8,-10,68%,90,14%,0,4,-4,0.49,151,6,11,3,-5,58%,105,19%,0,2,-2,0.45,119,3,8,5,-5,80%,72,6%,0,2,-2,Loss,9,13,22,4,8,12,5,5,10,4,8,12,5,5,10,0,0,0,0,0,0,0,0,0
Icebox,xenom,MIBR,viper,1.23,235,20,15,9,5,71%,151,37%,5,0,5,0.41,110,3,10,5,-7,58%,76,27%,1,0,1,2.05,360,17,5,4,12,83%,225,40%,4,0,4,Win,13,11,24,4,8,12,9,3,12,4,8,12,9,3,12,0,0,0,0,0,0,0,0,0
Icebox,aspas,MIBR,jett,1.22,275,22,17,4,5,79%,176,42%,7,0,7,1.2,294,11,11,3,0,67%,196,48%,3,0,3,1.24,257,11,6,1,5,92%,155,35%,4,0,4,Win,13,11,24,4,8,12,9,3,12,4,8,12,9,3,12,0,0,0,0,0,0,0,0,0
Icebox,cortezia,MIBR,killjoy,0.77,151,11,17,8,-6,75%,112,22%,1,3,-2,0.47,59,2,9,3,-7,58%,54,25%,0,3,-3,1.06,245,9,8,5,1,92%,171,21%,1,0,1,Win,13,11,24,4,8,12,9,3,12,4,8,12,9,3,12,0,0,0,0,0,0,0,0,0
Icebox,artzin,MIBR,harbor,0.75,135,12,16,4,-4,67%,109,24%,0,5,-5,0.58,117,5,10,2,-5,58%,97,32%,0,2,-2,0.92,155,7,6,2,1,75%,120,17%,0,3,-3,Win,13,11,24,4,8,12,9,3,12,4,8,12,9,3,12,0,0,0,0,0,0,0,0,0
Icebox,Verno,MIBR,sova,0.72,121,12,15,2,-3,63%,74,26%,1,2,-1,0.74,161,8,10,1,-2,50%,96,27%,1,2,-1,0.7,81,4,5,1,-1,75%,52,25%,0,0,0,Win,13,11,24,4,8,12,9,3,12,4,8,12,9,3,12,0,0,0,0,0,0,0,0,0
Icebox,cauanzin,LOUD,sova,1.25,219,21,14,7,7,79%,142,27%,1,3,-2,1.12,193,9,8,3,1,83%,123,19%,0,1,-1,1.38,246,12,6,4,6,75%,161,36%,1,2,-1,Loss,11,13,24,3,9,12,8,4,12,3,9,12,8,4,12,0,0,0,0,0,0,0,0,0
Icebox,Virtyy,LOUD,jett,1.16,199,18,14,1,4,75%,137,45%,4,4,0,0.75,165,7,10,0,-3,58%,115,35%,2,4,-2,1.57,233,11,4,1,7,92%,159,56%,2,0,2,Loss,11,13,24,3,9,12,8,4,12,3,9,12,8,4,12,0,0,0,0,0,0,0,0,0
Icebox,pANcada,LOUD,viper,1.04,146,12,13,7,-1,63%,109,28%,1,1,0,0.42,83,3,9,0,-6,33%,51,0%,0,1,-1,1.65,210,9,4,7,5,92%,167,43%,1,0,1,Loss,11,13,24,3,9,12,8,4,12,3,9,12,8,4,12,0,0,0,0,0,0,0,0,0
Icebox,lukxo,LOUD,omen,0.88,201,15,19,9,-4,67%,130,29%,4,4,0,0.84,194,7,10,2,-3,67%,129,32%,1,1,0,0.91,210,8,9,7,-1,67%,132,26%,3,3,0,Loss,11,13,24,3,9,12,8,4,12,3,9,12,8,4,12,0,0,0,0,0,0,0,0,0
Icebox,RobbieBk,LOUD,killjoy,0.78,168,14,17,4,-3,67%,121,40%,0,2,-2,0.29,105,4,11,2,-7,42%,78,33%,0,2,-2,1.28,233,10,6,2,4,92%,165,45%,0,0,0,Loss,11,13,24,3,9,12,8,4,12,3,9,12,8,4,12,0,0,0,0,0,0,0,0,0
Sunset,xenom,MIBR,omen,1.33,198,18,11,5,7,87%,127,31%,3,0,3,1.29,164,7,5,3,2,91%,105,38%,2,0,2,1.38,231,11,6,2,5,83%,147,27%,1,0,1,Win,13,10,23,7,4,11,6,6,12,7,4,11,6,6,12,0,0,0,0,0,0,0,0,0
Sunset,aspas,MIBR,neon,1.28,277,23,14,5,9,70%,184,31%,5,4,1,1.56,339,13,6,3,7,73%,208,31%,3,2,1,1.02,222,10,8,2,2,67%,162,32%,2,2,0,Win,13,10,23,7,4,11,6,6,12,7,4,11,6,6,12,0,0,0,0,0,0,0,0,0
Sunset,cortezia,MIBR,cypher,1.12,225,22,14,1,8,78%,145,36%,0,1,-1,1.74,333,15,5,0,10,82%,217,39%,0,0,0,0.55,128,7,9,1,-2,75%,79,29%,0,1,-1,Win,13,10,23,7,4,11,6,6,12,7,4,11,6,6,12,0,0,0,0,0,0,0,0,0
Sunset,Verno,MIBR,sova,1.05,213,15,14,12,1,78%,150,25%,3,1,2,0.96,169,6,6,4,0,73%,133,17%,0,0,0,1.14,255,9,8,8,1,83%,166,33%,3,1,2,Win,13,10,23,7,4,11,6,6,12,7,4,11,6,6,12,0,0,0,0,0,0,0,0,0
Sunset,artzin,MIBR,viper,0.92,193,15,15,3,0,74%,134,30%,2,4,-2,0.65,144,5,7,2,-2,73%,99,11%,1,3,-2,1.16,240,10,8,1,2,75%,165,46%,1,1,0,Win,13,10,23,7,4,11,6,6,12,7,4,11,6,6,12,0,0,0,0,0,0,0,0,0
Sunset,lukxo,LOUD,cypher,0.97,188,17,19,3,-2,61%,110,38%,2,3,-1,1.48,240,12,8,2,4,67%,136,43%,1,2,-1,0.42,133,5,11,1,-6,55%,82,31%,1,1,0,Loss,10,13,23,6,6,12,4,7,11,6,6,12,4,7,11,0,0,0,0,0,0,0,0,0
Sunset,cauanzin,LOUD,breach,0.96,210,16,19,14,-3,70%,130,26%,2,0,2,0.98,239,9,10,6,-1,75%,161,32%,1,0,1,0.93,179,7,9,8,-2,64%,95,18%,1,0,1,Loss,10,13,23,6,6,12,4,7,11,6,6,12,4,7,11,0,0,0,0,0,0,0,0,0
Sunset,Virtyy,LOUD,neon,0.8,167,13,19,4,-6,57%,108,27%,2,5,-3,0.72,143,6,10,3,-4,75%,89,22%,2,3,-1,0.9,193,7,9,1,-2,36%,129,31%,0,2,-2,Loss,10,13,23,6,6,12,4,7,11,6,6,12,4,7,11,0,0,0,0,0,0,0,0,0
Sunset,RobbieBk,LOUD,sova,0.77,147,12,18,3,-6,57%,92,39%,4,3,1,0.54,93,4,9,2,-5,58%,67,50%,1,2,-1,1.02,208,8,9,1,-1,55%,119,33%,3,1,2,Loss,10,13,23,6,6,12,4,7,11,6,6,12,4,7,11,0,0,0,0,0,0,0,0,0
Sunset,pANcada,LOUD,omen,0.74,139,10,18,8,-8,70%,109,40%,0,2,-2,1.09,199,8,10,7,-2,83%,149,45%,0,0,0,0.35,74,2,8,1,-6,55%,66,30%,0,2,-2,Loss,10,13,23,6,6,12,4,7,11,6,6,12,4,7,11,0,0,0,0,0,0,0,0,0
Corrode,kiNgg,LEV,viper,1.22,237,19,14,6,5,78%,148,35%,2,2,0,0.69,160,5,10,2,-5,64%,120,30%,0,2,-2,1.71,309,14,4,4,10,92%,173,38%,2,0,2,Loss,10,13,23,2,9,11,8,4,12,2,9,11,8,4,12,0,0,0,0,0,0,0,0,0
Corrode,Sato,LEV,neon,0.97,250,21,18,0,3,70%,162,43%,4,5,-1,0.94,256,9,10,0,-1,55%,168,36%,2,4,-2,1,245,12,8,0,4,83%,157,50%,2,1,1,Loss,10,13,23,2,9,11,8,4,12,2,9,11,8,4,12,0,0,0,0,0,0,0,0,0
Corrode,Okeanos,LEV,omen,0.95,216,16,18,11,-2,74%,152,28%,1,0,1,0.55,145,4,10,4,-6,55%,99,17%,0,0,0,1.32,281,12,8,7,4,92%,200,35%,1,0,1,Loss,10,13,23,2,9,11,8,4,12,2,9,11,8,4,12,0,0,0,0,0,0,0,0,0
Corrode,tex,LEV,chamber,0.66,137,12,17,2,-5,57%,94,14%,2,4,-2,0.74,183,7,10,0,-3,36%,111,25%,1,2,-1,0.58,96,5,7,2,-2,75%,77,6%,1,2,-1,Loss,10,13,23,2,9,11,8,4,12,2,9,11,8,4,12,0,0,0,0,0,0,0,0,0
Corrode,C0M,LEV,fade,0.52,124,9,17,6,-8,61%,78,18%,3,0,3,0.07,35,1,10,2,-9,27%,23,0%,0,0,0,0.94,207,8,7,4,1,92%,128,23%,3,0,3,Loss,10,13,23,2,9,11,8,4,12,2,9,11,8,4,12,0,0,0,0,0,0,0,0,0
Corrode,neT,C9,viper,1.3,203,17,12,5,5,83%,131,37%,1,1,0,1.48,263,11,8,3,3,67%,165,38%,0,0,0,1.11,138,6,4,2,2,100%,95,33%,1,1,0,Win,13,10,23,4,8,12,9,2,11,4,8,12,9,2,11,0,0,0,0,0,0,0,0,0
Corrode,mitch,C9,skye,1.25,229,17,15,17,2,83%,135,20%,1,5,-4,0.8,166,6,10,5,-4,75%,98,32%,1,4,-3,1.75,299,11,5,12,6,91%,176,15%,0,1,-1,Win,13,10,23,4,8,12,9,2,11,4,8,12,9,2,11,0,0,0,0,0,0,0,0,0
Corrode,v1c,C9,omen,1.08,193,15,16,8,-1,91%,133,34%,2,1,1,1.04,203,8,10,1,-2,83%,136,50%,1,1,0,1.13,184,7,6,7,1,100%,131,21%,1,0,1,Win,13,10,23,4,8,12,9,2,11,4,8,12,9,2,11,0,0,0,0,0,0,0,0,0
Corrode,OXY,C9,raze,1.07,224,18,17,5,1,74%,152,31%,5,5,0,0.05,66,2,12,1,-10,58%,48,25%,1,4,-3,2.17,397,16,5,4,11,91%,264,32%,4,1,3,Win,13,10,23,4,8,12,9,2,11,4,8,12,9,2,11,0,0,0,0,0,0,0,0,0
Corrode,Xeppaa,C9,vyse,0.94,206,17,17,9,0,83%,140,13%,2,0,2,0.7,186,7,11,3,-4,75%,126,9%,0,0,0,1.19,229,10,6,6,4,91%,156,19%,2,0,2,Win,13,10,23,4,8,12,9,2,11,4,8,12,9,2,11,0,0,0,0,0,0,0,0,0
Haven,Sato,LEV,yoru,1.82,383,30,15,4,15,83%,236,27%,7,2,5,2.46,479,19,5,2,14,82%,274,28%,4,1,3,1.24,297,11,10,2,1,83%,201,27%,3,1,2,Win,13,10,23,11,0,11,2,10,12,11,0,11,2,10,12,0,0,0,0,0,0,0,0,0
Haven,Okeanos,LEV,neon,1.23,239,20,14,3,6,87%,169,31%,4,1,3,1.38,250,10,5,2,5,91%,173,26%,1,1,0,1.09,231,10,9,1,1,83%,165,35%,3,0,3,Win,13,10,23,11,0,11,2,10,12,11,0,11,2,10,12,0,0,0,0,0,0,0,0,0
Haven,kiNgg,LEV,omen,1,199,14,16,14,-2,78%,139,31%,1,3,-2,0.97,149,4,6,11,-2,100%,105,21%,1,2,-1,1.02,244,10,10,3,0,58%,170,37%,0,1,-1,Win,13,10,23,11,0,11,2,10,12,11,0,11,2,10,12,0,0,0,0,0,0,0,0,0
Haven,C0M,LEV,sova,0.98,172,17,10,2,7,83%,112,29%,1,2,-1,1.35,196,11,4,1,7,100%,117,26%,1,0,1,0.64,151,6,6,1,0,67%,108,33%,0,2,-2,Win,13,10,23,11,0,11,2,10,12,11,0,11,2,10,12,0,0,0,0,0,0,0,0,0
Haven,tex,LEV,cypher,0.69,107,9,13,6,-4,78%,70,16%,1,1,0,1,97,5,4,2,1,91%,63,27%,0,0,0,0.4,118,4,9,4,-5,67%,78,10%,1,1,0,Win,13,10,23,11,0,11,2,10,12,11,0,11,2,10,12,0,0,0,0,0,0,0,0,0
Haven,neT,C9,viper,1.02,234,18,19,5,-1,70%,143,42%,3,2,1,1.49,288,12,8,3,4,83%,170,38%,2,0,2,0.5,177,6,11,2,-5,55%,115,55%,1,2,-1,Loss,10,13,23,10,2,12,0,11,11,10,2,12,0,11,11,0,0,0,0,0,0,0,0,0
Haven,OXY,C9,jett,0.97,215,18,18,5,0,65%,134,51%,4,3,1,1.63,343,16,7,2,9,83%,207,58%,3,1,2,0.24,77,2,11,3,-9,45%,55,33%,1,2,-1,Loss,10,13,23,10,2,12,0,11,11,10,2,12,0,11,11,0,0,0,0,0,0,0,0,0
Haven,v1c,C9,omen,0.58,128,10,18,5,-8,65%,89,35%,2,2,0,0.26,63,2,9,5,-7,67%,45,9%,0,2,-2,0.94,200,8,9,0,-1,64%,138,53%,2,0,2,Loss,10,13,23,10,2,12,0,11,11,10,2,12,0,11,11,0,0,0,0,0,0,0,0,0
Haven,Xeppaa,C9,killjoy,0.56,168,13,17,3,-4,65%,110,36%,0,2,-2,0.74,188,8,9,2,-1,75%,132,38%,0,2,-2,0.38,146,5,8,1,-3,55%,85,35%,0,0,0,Loss,10,13,23,10,2,12,0,11,11,10,2,12,0,11,11,0,0,0,0,0,0,0,0,0
Haven,mitch,C9,skye,0.5,108,9,18,6,-9,65%,76,13%,0,5,-5,0.79,117,6,8,4,-2,83%,82,7%,0,2,-2,0.17,100,3,10,2,-7,45%,71,20%,0,3,-3,Loss,10,13,23,10,2,12,0,11,11,10,2,12,0,11,11,0,0,0,0,0,0,0,0,0
Lotus,Okeanos,LEV,omen,1.74,349,30,16,8,14,75%,226,30%,3,4,-1,2.13,410,18,7,4,11,92%,293,23%,0,2,-2,1.35,289,12,9,4,3,58%,160,48%,3,2,1,Loss,11,13,24,7,5,12,4,8,12,7,5,12,4,8,12,0,0,0,0,0,0,0,0,0
Lotus,kiNgg,LEV,viper,0.88,186,15,18,8,-3,71%,126,21%,2,2,0,1.14,217,9,8,5,1,83%,145,30%,2,0,2,0.63,155,6,10,3,-4,58%,107,13%,0,2,-2,Loss,11,13,24,7,5,12,4,8,12,7,5,12,4,8,12,0,0,0,0,0,0,0,0,0
Lotus,tex,LEV,vyse,0.66,126,10,18,3,-8,67%,84,44%,1,0,1,0.73,135,6,9,1,-3,75%,88,43%,1,0,1,0.59,118,4,9,2,-5,58%,80,45%,0,0,0,Loss,11,13,24,7,5,12,4,8,12,7,5,12,4,8,12,0,0,0,0,0,0,0,0,0
Lotus,Sato,LEV,raze,0.59,177,16,21,1,-5,58%,110,25%,3,6,-3,0.09,92,4,11,1,-7,50%,59,25%,1,6,-5,1.08,264,12,10,0,2,67%,162,25%,2,0,2,Loss,11,13,24,7,5,12,4,8,12,7,5,12,4,8,12,0,0,0,0,0,0,0,0,0
Lotus,C0M,LEV,fade,0.53,128,11,17,4,-6,83%,91,35%,2,1,1,0.74,137,7,7,1,0,92%,98,26%,0,0,0,0.32,121,4,10,3,-6,75%,85,44%,2,1,1,Loss,11,13,24,7,5,12,4,8,12,7,5,12,4,8,12,0,0,0,0,0,0,0,0,0
Lotus,v1c,C9,omen,1.24,202,18,14,9,4,83%,135,30%,1,1,0,1.51,240,11,6,5,5,92%,162,26%,0,0,0,0.98,165,7,8,4,-1,75%,108,37%,1,1,0,Win,13,11,24,8,4,12,5,7,12,8,4,12,5,7,12,0,0,0,0,0,0,0,0,0
Lotus,Xeppaa,C9,vyse,1.09,235,20,17,4,3,79%,158,34%,4,1,3,1.1,240,10,9,3,1,83%,172,38%,2,0,2,1.08,231,10,8,1,2,75%,143,30%,2,1,1,Win,13,11,24,8,4,12,5,7,12,8,4,12,5,7,12,0,0,0,0,0,0,0,0,0
Lotus,mitch,C9,fade,1.05,188,15,15,12,0,88%,123,45%,2,3,-1,0.98,165,6,8,9,-2,83%,113,50%,0,3,-3,1.13,211,9,7,3,2,92%,133,41%,2,0,2,Win,13,11,24,8,4,12,5,7,12,8,4,12,5,7,12,0,0,0,0,0,0,0,0,0
Lotus,OXY,C9,raze,1.02,222,19,18,5,1,88%,145,21%,4,5,-1,1.44,275,12,7,3,5,100%,184,18%,2,3,-1,0.6,171,7,11,2,-4,75%,106,26%,2,2,0,Win,13,11,24,8,4,12,5,7,12,8,4,12,5,7,12,0,0,0,0,0,0,0,0,0
Lotus,neT,C9,viper,1.01,204,18,18,5,0,75%,131,34%,2,1,1,1,186,9,8,2,1,67%,111,40%,1,1,0,1.01,223,9,10,3,-1,83%,152,31%,1,0,1,Win,13,11,24,8,4,12,5,7,12,8,4,12,5,7,12,0,0,0,0,0,0,0,0,0
Sunset,BABYBAY,G2,chamber,1.54,281,16,9,7,7,94%,199,20%,4,1,3,1.8,385,6,4,3,2,80%,297,20%,1,1,0,1.44,239,10,5,4,5,100%,158,20%,3,0,3,Win,13,4,17,3,2,5,10,2,12,3,2,5,10,2,12,0,0,0,0,0,0,0,0,0
Sunset,jawgemo,G2,neon,1.53,301,18,11,4,7,88%,186,36%,7,0,7,1.4,269,5,3,0,2,80%,138,23%,2,0,2,1.59,315,13,8,4,5,92%,206,41%,5,0,5,Win,13,4,17,3,2,5,10,2,12,3,2,5,10,2,12,0,0,0,0,0,0,0,0,0
Sunset,valyn,G2,omen,1.23,195,13,9,8,4,76%,128,34%,0,1,-1,0.51,57,2,3,0,-1,40%,37,50%,0,1,-1,1.53,254,11,6,8,5,92%,166,33%,0,0,0,Win,13,4,17,3,2,5,10,2,12,3,2,5,10,2,12,0,0,0,0,0,0,0,0,0
Sunset,trent,G2,fade,1.21,175,13,9,7,4,94%,120,28%,1,1,0,0.96,175,3,4,4,-1,100%,102,27%,0,0,0,1.31,176,10,5,3,5,92%,127,28%,1,1,0,Win,13,4,17,3,2,5,10,2,12,3,2,5,10,2,12,0,0,0,0,0,0,0,0,0
Sunset,JonahP,G2,sage,1.21,193,12,9,8,3,88%,137,23%,2,0,2,1.18,123,2,3,3,-1,60%,118,36%,0,0,0,1.22,223,10,6,5,4,100%,145,19%,2,0,2,Win,13,4,17,3,2,5,10,2,12,3,2,5,10,2,12,0,0,0,0,0,0,0,0,0
Sunset,eeiu,100T,sova,1.03,214,14,14,2,0,76%,149,46%,1,1,0,1.25,258,12,10,1,2,75%,179,52%,1,0,1,0.51,110,2,4,1,-2,80%,76,20%,0,1,-1,Loss,4,13,17,2,10,12,2,3,5,2,10,12,2,3,5,0,0,0,0,0,0,0,0,0
Sunset,Cryocells,100T,yoru,0.95,235,13,14,5,-1,82%,164,40%,1,1,0,0.64,174,7,11,4,-4,75%,130,75%,0,1,-1,1.7,383,6,3,1,3,100%,247,17%,1,0,1,Loss,4,13,17,2,10,12,2,3,5,2,10,12,2,3,5,0,0,0,0,0,0,0,0,0
Sunset,zander,100T,omen,0.62,147,9,15,6,-6,65%,86,20%,0,2,-2,0.55,117,5,10,3,-5,58%,68,13%,0,2,-2,0.79,220,4,5,3,-1,80%,130,36%,0,0,0,Loss,4,13,17,2,10,12,2,3,5,2,10,12,2,3,5,0,0,0,0,0,0,0,0,0
Sunset,Asuna,100T,neon,0.4,124,6,15,7,-9,71%,93,24%,1,8,-7,0.21,103,3,12,5,-9,75%,82,32%,0,7,-7,0.86,179,3,3,2,0,60%,121,17%,1,1,0,Loss,4,13,17,2,10,12,2,3,5,2,10,12,2,3,5,0,0,0,0,0,0,0,0,0
Sunset,Kess,100T,cypher,0.36,86,5,14,1,-9,53%,53,17%,0,2,-2,0.28,81,3,11,1,-8,50%,45,19%,0,1,-1,0.55,101,2,3,0,-1,60%,71,14%,0,1,-1,Loss,4,13,17,2,10,12,2,3,5,2,10,12,2,3,5,0,0,0,0,0,0,0,0,0
Haven,jawgemo,G2,yoru,1.73,345,25,9,4,16,89%,196,17%,1,1,0,2.02,425,20,6,4,14,92%,241,16%,1,1,0,1.15,187,5,3,0,2,83%,105,20%,0,0,0,Win,13,5,18,9,3,12,4,2,6,9,3,12,4,2,6,0,0,0,0,0,0,0,0,0
Haven,JonahP,G2,viper,1.3,212,15,9,4,6,94%,120,23%,6,1,5,1.32,207,10,6,2,4,100%,115,17%,3,0,3,1.24,224,5,3,2,2,83%,129,36%,3,1,2,Win,13,5,18,9,3,12,4,2,6,9,3,12,4,2,6,0,0,0,0,0,0,0,0,0
Haven,BABYBAY,G2,vyse,1.27,238,15,11,7,4,89%,159,24%,5,0,5,1.16,222,9,7,3,2,83%,149,22%,3,0,3,1.51,274,6,4,4,2,100%,178,26%,2,0,2,Win,13,5,18,9,3,12,4,2,6,9,3,12,4,2,6,0,0,0,0,0,0,0,0,0
Haven,trent,G2,fade,1.04,176,12,11,5,1,89%,132,24%,0,1,-1,0.74,146,6,9,3,-3,83%,120,18%,0,1,-1,1.63,238,6,2,2,4,100%,155,38%,0,0,0,Win,13,5,18,9,3,12,4,2,6,9,3,12,4,2,6,0,0,0,0,0,0,0,0,0
Haven,valyn,G2,omen,0.79,156,10,12,8,-2,89%,110,19%,2,1,1,0.89,128,5,6,6,-1,92%,99,31%,2,1,1,0.58,213,5,6,2,-1,83%,132,10%,0,0,0,Win,13,5,18,9,3,12,4,2,6,9,3,12,4,2,6,0,0,0,0,0,0,0,0,0
Haven,eeiu,100T,sova,1.27,256,18,15,1,3,83%,159,43%,1,2,-1,0.96,192,5,5,0,0,100%,105,30%,0,2,-2,1.43,289,13,10,1,3,75%,186,50%,1,0,1,Loss,5,13,18,2,4,6,3,9,12,2,4,6,3,9,12,0,0,0,0,0,0,0,0,0
Haven,Kess,100T,cypher,0.72,173,11,16,2,-5,56%,104,40%,2,2,0,1.03,231,5,5,0,0,50%,140,44%,1,1,0,0.57,145,6,11,2,-5,58%,86,38%,1,1,0,Loss,5,13,18,2,4,6,3,9,12,2,4,6,3,9,12,0,0,0,0,0,0,0,0,0
Haven,Cryocells,100T,yoru,0.65,170,10,16,6,-6,72%,112,32%,1,4,-3,0.97,266,5,6,3,-1,83%,186,31%,0,0,0,0.5,123,5,10,3,-5,67%,75,33%,1,4,-3,Loss,5,13,18,2,4,6,3,9,12,2,4,6,3,9,12,0,0,0,0,0,0,0,0,0
Haven,zander,100T,omen,0.6,146,8,16,10,-8,67%,103,22%,0,2,-2,0.75,156,3,5,2,-2,67%,118,17%,0,1,-1,0.52,142,5,11,8,-6,67%,96,26%,0,1,-1,Loss,5,13,18,2,4,6,3,9,12,2,4,6,3,9,12,0,0,0,0,0,0,0,0,0
Haven,Asuna,100T,neon,0.5,106,5,14,4,-9,78%,72,10%,0,4,-4,0.02,51,0,6,2,-6,83%,51,14%,0,1,-1,0.81,134,5,8,2,-3,75%,83,8%,0,3,-3,Loss,5,13,18,2,4,6,3,9,12,2,4,6,3,9,12,0,0,0,0,0,0,0,0,0
Corrode,johnqt,SEN,viper,1.39,232,18,12,8,6,83%,147,25%,2,0,2,1.5,251,11,6,3,5,83%,158,30%,0,0,0,1.27,212,7,6,5,1,82%,135,20%,2,0,2,Win,13,10,23,7,5,12,6,5,11,7,5,12,6,5,11,0,0,0,0,0,0,0,0,0
Corrode,zekken,SEN,neon,1.37,255,23,15,2,8,74%,158,30%,4,2,2,1.3,233,11,8,0,3,67%,131,31%,2,2,0,1.45,280,12,7,2,5,82%,188,29%,2,0,2,Win,13,10,23,7,5,12,6,5,11,7,5,12,6,5,11,0,0,0,0,0,0,0,0,0
Corrode,Zellsis,SEN,vyse,1.13,228,18,15,9,3,87%,143,23%,1,3,-2,0.98,192,7,8,8,-1,92%,133,23%,0,2,-2,1.3,269,11,7,1,4,82%,154,22%,1,1,0,Win,13,10,23,7,5,12,6,5,11,7,5,12,6,5,11,0,0,0,0,0,0,0,0,0
Corrode,N4RRATE,SEN,fade,0.82,193,15,18,7,-3,74%,107,14%,5,2,3,0.48,118,6,10,1,-4,67%,66,18%,1,1,0,1.2,276,9,8,6,1,82%,153,13%,4,1,3,Win,13,10,23,7,5,12,6,5,11,7,5,12,6,5,11,0,0,0,0,0,0,0,0,0
Corrode,bang,SEN,omen,0.69,121,9,14,9,-5,74%,74,26%,0,4,-4,0.88,175,7,8,2,-1,75%,110,29%,0,4,-4,0.49,63,2,6,7,-4,73%,35,20%,0,0,0,Win,13,10,23,7,5,12,6,5,11,7,5,12,6,5,11,0,0,0,0,0,0,0,0,0
Corrode,mitch,C9,skye,1.21,219,18,14,9,4,78%,135,21%,1,1,0,1.3,236,9,7,6,2,73%,127,19%,0,1,-1,1.12,205,9,7,3,2,83%,142,23%,1,0,1,Loss,10,13,23,5,6,11,5,7,12,5,6,11,5,7,12,0,0,0,0,0,0,0,0,0
Corrode,Xeppaa,C9,vyse,1.03,206,16,16,7,0,78%,139,20%,2,1,1,1.41,248,10,8,4,2,73%,172,32%,1,1,0,0.69,169,6,8,3,-2,83%,110,10%,1,0,1,Loss,10,13,23,5,6,11,5,7,12,5,6,11,5,7,12,0,0,0,0,0,0,0,0,0
Corrode,v1c,C9,omen,0.98,207,17,17,12,0,78%,121,28%,2,2,0,1.37,293,11,7,4,4,82%,178,36%,1,1,0,0.62,128,6,10,8,-4,75%,69,16%,1,1,0,Loss,10,13,23,5,6,11,5,7,12,5,6,11,5,7,12,0,0,0,0,0,0,0,0,0
Corrode,neT,C9,viper,0.73,130,11,17,7,-6,83%,76,17%,2,2,0,0.48,57,2,8,5,-6,73%,30,0%,0,1,-1,0.95,198,9,9,2,0,92%,118,22%,2,1,1,Loss,10,13,23,5,6,11,5,7,12,5,6,11,5,7,12,0,0,0,0,0,0,0,0,0
Corrode,OXY,C9,raze,0.67,186,12,19,6,-7,61%,125,23%,4,6,-2,0.02,61,2,11,0,-9,27%,43,18%,0,5,-5,1.43,302,10,8,6,2,92%,201,24%,4,1,3,Loss,10,13,23,5,6,11,5,7,12,5,6,11,5,7,12,0,0,0,0,0,0,0,0,0
Icebox,Zellsis,SEN,killjoy,1.15,231,17,15,4,2,73%,153,25%,3,1,2,0.76,151,6,7,2,-1,75%,104,24%,0,0,0,1.61,329,11,8,2,3,70%,211,26%,3,1,2,Loss,9,13,22,6,6,12,3,7,10,6,6,12,3,7,10,0,0,0,0,0,0,0,0,0
Icebox,bang,SEN,viper,1.09,210,15,16,3,-1,68%,148,30%,3,2,1,1.01,160,6,7,1,-1,75%,108,27%,2,0,2,1.18,272,9,9,2,0,60%,195,32%,1,2,-1,Loss,9,13,22,6,6,12,3,7,10,6,6,12,3,7,10,0,0,0,0,0,0,0,0,0
Icebox,N4RRATE,SEN,sova,0.77,122,10,13,4,-3,59%,75,28%,1,1,0,0.72,102,4,7,4,-3,67%,64,40%,1,1,0,0.84,147,6,6,0,0,50%,88,20%,0,0,0,Loss,9,13,22,6,6,12,3,7,10,6,6,12,3,7,10,0,0,0,0,0,0,0,0,0
Icebox,johnqt,SEN,sage,0.74,134,9,15,8,-6,73%,88,31%,1,1,0,0.76,156,6,8,1,-2,67%,108,35%,1,0,1,0.71,108,3,7,7,-4,80%,64,25%,0,1,-1,Loss,9,13,22,6,6,12,3,7,10,6,6,12,3,7,10,0,0,0,0,0,0,0,0,0
Icebox,zekken,SEN,jett,0.55,146,11,18,2,-7,50%,106,28%,3,6,-3,0.85,206,9,9,0,0,50%,150,36%,3,4,-1,0.2,75,2,9,2,-7,50%,53,10%,0,2,-2,Loss,9,13,22,6,6,12,3,7,10,6,6,12,3,7,10,0,0,0,0,0,0,0,0,0
Icebox,mitch,C9,sova,1.33,230,18,11,4,7,77%,151,27%,1,0,1,0.91,205,8,6,2,2,80%,133,15%,1,0,1,1.69,252,10,5,2,5,75%,166,41%,0,0,0,Win,13,9,22,7,3,10,6,6,12,7,3,10,6,6,12,0,0,0,0,0,0,0,0,0
Icebox,Xeppaa,C9,killjoy,1.23,223,18,12,2,6,68%,159,37%,1,2,-1,1.57,269,10,5,2,5,80%,180,33%,0,0,0,0.94,185,8,7,0,1,58%,142,41%,1,2,-1,Win,13,9,22,7,3,10,6,6,12,7,3,10,6,6,12,0,0,0,0,0,0,0,0,0
Icebox,neT,C9,viper,1.23,198,16,9,9,7,77%,127,23%,4,3,1,1.24,248,9,5,4,4,80%,167,26%,2,2,0,1.22,157,7,4,5,3,75%,93,18%,2,1,1,Win,13,9,22,7,3,10,6,6,12,7,3,10,6,6,12,0,0,0,0,0,0,0,0,0
Icebox,v1c,C9,iso,0.9,166,12,13,3,-1,64%,106,34%,3,2,1,0.69,143,4,6,1,-2,70%,97,38%,3,2,1,1.08,187,8,7,2,1,58%,114,31%,0,0,0,Win,13,9,22,7,3,10,6,6,12,7,3,10,6,6,12,0,0,0,0,0,0,0,0,0
Icebox,OXY,C9,raze,0.78,168,13,17,3,-4,64%,122,31%,2,4,-2,0.82,213,8,9,1,-1,80%,144,39%,0,0,0,0.75,132,5,8,2,-3,50%,104,22%,2,4,-2,Win,13,9,22,7,3,10,6,6,12,7,3,10,6,6,12,0,0,0,0,0,0,0,0,0
Lotus,N4RRATE,SEN,fade,1.49,222,21,11,7,10,78%,148,30%,1,0,1,1.45,232,12,5,1,7,75%,143,28%,1,0,1,1.54,212,9,6,6,3,82%,154,31%,0,0,0,Win,13,10,23,8,4,12,5,6,11,8,4,12,5,6,11,0,0,0,0,0,0,0,0,0
Lotus,zekken,SEN,raze,1.4,252,21,12,2,9,70%,161,21%,7,5,2,1.6,316,12,6,2,6,75%,207,28%,6,2,4,1.18,184,9,6,0,3,64%,110,13%,1,3,-2,Win,13,10,23,8,4,12,5,6,11,8,4,12,5,6,11,0,0,0,0,0,0,0,0,0
Lotus,Zellsis,SEN,vyse,1.27,224,18,14,13,4,87%,150,15%,2,2,0,1.65,240,12,5,4,7,83%,143,20%,1,1,0,0.86,208,6,9,9,-3,91%,157,11%,1,1,0,Win,13,10,23,8,4,12,5,6,11,8,4,12,5,6,11,0,0,0,0,0,0,0,0,0
Lotus,johnqt,SEN,viper,1.19,197,15,14,12,1,87%,144,46%,2,0,2,1.12,164,6,5,7,1,83%,123,33%,0,0,0,1.27,233,9,9,5,0,91%,166,59%,2,0,2,Win,13,10,23,8,4,12,5,6,11,8,4,12,5,6,11,0,0,0,0,0,0,0,0,0
Lotus,bang,SEN,omen,0.67,147,9,20,20,-11,87%,86,29%,2,2,0,0.4,67,2,9,8,-7,92%,32,13%,0,1,-1,0.97,235,7,11,12,-4,82%,146,38%,2,1,1,Win,13,10,23,8,4,12,5,6,11,8,4,12,5,6,11,0,0,0,0,0,0,0,0,0
Lotus,v1c,C9,omen,1.16,203,17,16,15,1,83%,144,29%,0,0,0,1.39,230,10,7,10,3,91%,157,30%,0,0,0,0.96,179,7,9,5,-2,75%,131,29%,0,0,0,Loss,10,13,23,6,5,11,4,8,12,6,5,11,4,8,12,0,0,0,0,0,0,0,0,0
Lotus,OXY,C9,raze,1.01,240,18,18,4,0,78%,167,20%,5,5,0,1.24,303,12,9,1,3,82%,200,24%,3,2,1,0.8,182,6,9,3,-3,75%,138,16%,2,3,-1,Loss,10,13,23,6,5,11,4,8,12,6,5,11,4,8,12,0,0,0,0,0,0,0,0,0
Lotus,neT,C9,viper,0.98,166,16,15,8,1,74%,107,33%,1,3,-2,1.1,193,9,7,5,2,82%,116,35%,1,1,0,0.87,143,7,8,3,-1,67%,98,31%,0,2,-2,Loss,10,13,23,6,5,11,4,8,12,6,5,11,4,8,12,0,0,0,0,0,0,0,0,0
Lotus,Xeppaa,C9,vyse,0.86,166,12,16,12,-4,78%,110,12%,1,2,-1,0.79,168,6,8,6,-2,73%,108,6%,0,0,0,0.92,165,6,8,6,-2,83%,111,19%,1,2,-1,Loss,10,13,23,6,5,11,4,8,12,6,5,11,4,8,12,0,0,0,0,0,0,0,0,0
Lotus,mitch,C9,fade,0.49,122,8,19,8,-11,70%,83,4%,2,4,-2,0.54,145,4,9,7,-5,91%,99,0%,1,3,-2,0.44,102,4,10,1,-6,50%,69,11%,1,1,0,Loss,10,13,23,6,5,11,4,8,12,6,5,11,4,8,12,0,0,0,0,0,0,0,0,0
Corrode,s0m,NRG,omen,1.46,256,22,13,5,9,83%,158,49%,4,2,2,1.26,203,9,8,3,1,82%,131,62%,1,1,0,1.63,304,13,5,2,8,83%,182,42%,3,1,2,Win,13,10,23,5,6,11,8,4,12,5,6,11,8,4,12,0,0,0,0,0,0,0,0,0
Corrode,skuba,NRG,viper,1.25,258,19,15,12,4,83%,152,23%,3,1,2,1.05,211,7,8,7,-1,64%,121,18%,0,1,-1,1.43,302,12,7,5,5,100%,181,29%,3,0,3,Win,13,10,23,5,6,11,8,4,12,5,6,11,8,4,12,0,0,0,0,0,0,0,0,0
Corrode,Ethan,NRG,kayo,1.03,207,14,17,16,-3,74%,145,19%,1,2,-1,1.39,284,9,9,8,0,73%,188,16%,1,1,0,0.7,138,5,8,8,-3,75%,105,24%,0,1,-1,Win,13,10,23,5,6,11,8,4,12,5,6,11,8,4,12,0,0,0,0,0,0,0,0,0
Corrode,mada,NRG,waylay,0.91,203,17,16,1,1,65%,151,18%,3,5,-2,0.63,141,5,9,1,-4,55%,130,23%,1,4,-3,1.16,261,12,7,0,5,75%,170,13%,2,1,1,Win,13,10,23,5,6,11,8,4,12,5,6,11,8,4,12,0,0,0,0,0,0,0,0,0
Corrode,brawk,NRG,sova,0.72,137,10,15,2,-5,61%,93,11%,1,1,0,0.26,77,3,10,0,-7,36%,48,12%,0,1,-1,1.14,194,7,5,2,2,83%,134,10%,1,0,1,Win,13,10,23,5,6,11,8,4,12,5,6,11,8,4,12,0,0,0,0,0,0,0,0,0
Corrode,BABYBAY,G2,viper,1.23,196,16,12,5,4,74%,131,24%,3,1,2,1.21,188,7,7,4,0,67%,132,20%,0,1,-1,1.24,206,9,5,1,4,82%,130,29%,3,0,3,Loss,10,13,23,4,8,12,6,5,11,4,8,12,6,5,11,0,0,0,0,0,0,0,0,0
Corrode,valyn,G2,omen,1.06,262,22,20,6,2,70%,153,28%,4,4,0,1.02,230,10,11,2,-1,58%,125,27%,2,3,-1,1.1,298,12,9,4,3,82%,183,29%,2,1,1,Loss,10,13,23,4,8,12,6,5,11,4,8,12,6,5,11,0,0,0,0,0,0,0,0,0
Corrode,JonahP,G2,sage,0.95,142,12,15,12,-3,70%,88,21%,2,1,1,0.68,75,3,9,7,-6,58%,53,22%,0,1,-1,1.26,217,9,6,5,3,82%,127,21%,2,0,2,Loss,10,13,23,4,8,12,6,5,11,4,8,12,6,5,11,0,0,0,0,0,0,0,0,0
Corrode,jawgemo,G2,waylay,0.8,214,18,18,4,0,52%,132,27%,0,5,-5,0.67,187,8,11,3,-3,42%,103,19%,0,3,-3,0.94,243,10,7,1,3,64%,163,38%,0,2,-2,Loss,10,13,23,4,8,12,6,5,11,4,8,12,6,5,11,0,0,0,0,0,0,0,0,0
Corrode,trent,G2,fade,0.56,104,8,17,6,-9,65%,76,31%,2,1,1,0.46,105,4,11,5,-7,67%,69,33%,1,1,0,0.67,104,4,6,1,-2,64%,84,29%,1,0,1,Loss,10,13,23,4,8,12,6,5,11,4,8,12,6,5,11,0,0,0,0,0,0,0,0,0
Sunset,mada,NRG,neon,1.3,306,26,18,5,8,79%,192,33%,5,3,2,1.17,289,12,10,2,2,67%,182,42%,2,2,0,1.43,324,14,8,3,6,92%,202,24%,3,1,2,Loss,11,13,24,4,8,12,7,5,12,4,8,12,7,5,12,0,0,0,0,0,0,0,0,0
Sunset,s0m,NRG,omen,1.28,259,22,18,8,4,71%,166,32%,4,5,-1,1.13,254,10,10,4,0,67%,172,39%,1,3,-2,1.44,266,12,8,4,4,75%,159,26%,3,2,1,Loss,11,13,24,4,8,12,7,5,12,4,8,12,7,5,12,0,0,0,0,0,0,0,0,0
Sunset,Ethan,NRG,breach,1.14,198,15,15,10,0,71%,134,35%,1,1,0,0.6,111,4,10,2,-6,50%,80,44%,0,0,0,1.68,285,11,5,8,6,92%,188,31%,1,1,0,Loss,11,13,24,4,8,12,7,5,12,4,8,12,7,5,12,0,0,0,0,0,0,0,0,0
Sunset,brawk,NRG,sova,0.76,116,10,17,8,-7,67%,83,17%,0,1,-1,0.74,115,5,9,1,-4,50%,94,16%,0,0,0,0.78,118,5,8,7,-3,83%,71,18%,0,1,-1,Loss,11,13,24,4,8,12,7,5,12,4,8,12,7,5,12,0,0,0,0,0,0,0,0,0
Sunset,skuba,NRG,cypher,0.58,126,10,17,8,-7,71%,88,21%,0,4,-4,0.23,68,2,10,3,-8,50%,62,21%,0,4,-4,0.93,184,8,7,5,1,92%,114,21%,0,0,0,Loss,11,13,24,4,8,12,7,5,12,4,8,12,7,5,12,0,0,0,0,0,0,0,0,0
Sunset,JonahP,G2,sage,1.35,214,19,13,8,6,75%,132,43%,3,1,2,1.44,214,10,7,1,3,75%,152,45%,0,0,0,1.26,216,9,6,7,3,75%,112,41%,3,1,2,Win,13,11,24,5,7,12,8,4,12,5,7,12,8,4,12,0,0,0,0,0,0,0,0,0
Sunset,BABYBAY,G2,chamber,1.23,262,23,18,5,5,83%,161,23%,5,3,2,0.89,241,11,11,1,0,92%,162,36%,2,2,0,1.57,284,12,7,4,5,75%,160,14%,3,1,2,Win,13,11,24,5,7,12,8,4,12,5,7,12,8,4,12,0,0,0,0,0,0,0,0,0
Sunset,valyn,G2,omen,1.12,200,17,15,12,2,71%,135,32%,2,0,2,0.83,151,6,9,4,-3,58%,93,25%,1,0,1,1.42,251,11,6,8,5,83%,178,35%,1,0,1,Win,13,11,24,5,7,12,8,4,12,5,7,12,8,4,12,0,0,0,0,0,0,0,0,0
Sunset,jawgemo,G2,neon,0.73,174,16,19,4,-3,71%,112,21%,3,3,0,0.4,116,5,11,1,-6,50%,71,33%,2,3,-1,1.05,233,11,8,3,3,92%,153,18%,1,0,1,Win,13,11,24,5,7,12,8,4,12,5,7,12,8,4,12,0,0,0,0,0,0,0,0,0
Sunset,trent,G2,fade,0.54,115,10,18,2,-8,58%,78,18%,1,3,-2,0.12,84,4,12,0,-8,58%,55,29%,0,2,-2,0.95,147,6,6,2,0,58%,100,14%,1,1,0,Win,13,11,24,5,7,12,8,4,12,5,7,12,8,4,12,0,0,0,0,0,0,0,0,0
Bind,s0m,NRG,brimstone,1.38,259,19,13,5,6,65%,163,37%,4,3,1,1.15,220,9,10,4,-1,58%,150,45%,2,1,1,1.72,318,10,3,1,7,75%,182,30%,2,2,0,Loss,7,13,20,2,10,12,5,3,8,2,10,12,5,3,8,0,0,0,0,0,0,0,0,0
Bind,mada,NRG,raze,0.79,203,12,18,2,-6,60%,142,19%,2,1,1,0.59,167,6,12,0,-6,58%,110,15%,0,1,-1,1.07,257,6,6,2,0,63%,189,23%,2,0,2,Loss,7,13,20,2,10,12,5,3,8,2,10,12,5,3,8,0,0,0,0,0,0,0,0,0
Bind,skuba,NRG,viper,0.73,158,12,16,3,-4,65%,102,13%,2,3,-1,0.75,199,9,12,2,-3,58%,129,13%,1,2,-1,0.71,97,3,4,1,-1,75%,62,14%,1,1,0,Loss,7,13,20,2,10,12,5,3,8,2,10,12,5,3,8,0,0,0,0,0,0,0,0,0
Bind,Ethan,NRG,kayo,0.6,119,8,16,10,-8,70%,68,14%,0,3,-3,0.31,63,2,11,7,-9,75%,37,27%,0,3,-3,1.04,205,6,5,3,1,63%,115,8%,0,0,0,Loss,7,13,20,2,10,12,5,3,8,2,10,12,5,3,8,0,0,0,0,0,0,0,0,0
Bind,brawk,NRG,fade,0.52,98,7,16,4,-9,35%,73,21%,0,2,-2,0.35,75,3,11,3,-8,25%,57,10%,0,2,-2,0.78,134,4,5,1,-1,50%,96,33%,0,0,0,Loss,7,13,20,2,10,12,5,3,8,2,10,12,5,3,8,0,0,0,0,0,0,0,0,0
Bind,JonahP,G2,fade,1.38,253,19,12,6,7,75%,168,29%,0,3,-3,0.6,162,4,7,3,-3,38%,114,13%,0,2,-2,1.9,315,15,5,3,10,100%,204,37%,0,1,-1,Win,13,7,20,3,5,8,10,2,12,3,5,8,10,2,12,0,0,0,0,0,0,0,0,0
Bind,valyn,G2,brimstone,1.28,259,20,13,6,7,85%,171,31%,4,1,3,0.73,78,3,5,3,-2,75%,43,17%,0,0,0,1.64,380,17,8,3,9,92%,257,33%,4,1,3,Win,13,7,20,3,5,8,10,2,12,3,5,8,10,2,12,0,0,0,0,0,0,0,0,0
Bind,trent,G2,tejo,1.19,195,14,11,8,3,85%,126,13%,4,0,4,1.23,200,5,5,2,0,63%,128,12%,1,0,1,1.16,193,9,6,6,3,100%,125,14%,3,0,3,Win,13,7,20,3,5,8,10,2,12,3,5,8,10,2,12,0,0,0,0,0,0,0,0,0
Bind,BABYBAY,G2,deadlock,1.02,165,12,10,2,2,85%,100,22%,1,1,0,1.11,209,6,5,0,1,88%,119,50%,1,0,1,0.95,136,6,5,2,1,83%,88,8%,0,1,-1,Win,13,7,20,3,5,8,10,2,12,3,5,8,10,2,12,0,0,0,0,0,0,0,0,0
Bind,jawgemo,G2,yoru,1.01,196,14,12,3,2,75%,138,21%,3,3,0,0.78,207,5,7,1,-2,50%,143,23%,1,3,-2,1.16,189,9,5,2,4,92%,135,19%,2,0,2,Win,13,7,20,3,5,8,10,2,12,3,5,8,10,2,12,0,0,0,0,0,0,0,0,0
Lotus,C0M,LEV,fade,1.34,224,20,14,6,6,69%,150,24%,2,0,2,0.8,97,5,7,1,-2,54%,60,31%,1,0,1,1.88,351,15,7,5,8,85%,240,21%,1,0,1,Win,14,12,26,7,6,13,7,6,13,6,6,12,6,6,12,1,0,1,1,0,1,2,0,2
Lotus,Okeanos,LEV,omen,1.27,197,19,15,12,4,81%,129,40%,3,3,0,1.39,249,12,9,5,3,77%,162,34%,3,2,1,1.14,147,7,6,7,1,85%,95,54%,0,1,-1,Win,14,12,26,7,6,13,7,6,13,6,6,12,6,6,12,1,0,1,1,0,1,2,0,2
Lotus,kiNgg,LEV,viper,1.22,193,16,13,5,3,69%,126,25%,0,0,0,1.5,237,10,7,4,3,54%,150,24%,0,0,0,0.94,150,6,6,1,0,85%,101,28%,0,0,0,Win,14,12,26,7,6,13,7,6,13,6,6,12,6,6,12,1,0,1,1,0,1,2,0,2
Lotus,Sato,LEV,raze,1.14,271,24,21,4,3,73%,182,37%,6,5,1,1.03,253,11,11,3,0,69%,168,30%,3,2,1,1.25,290,13,10,1,3,77%,196,44%,3,3,0,Win,14,12,26,7,6,13,7,6,13,6,6,12,6,6,12,1,0,1,1,0,1,2,0,2
Lotus,tex,LEV,vyse,0.5,110,10,19,1,-9,62%,73,24%,2,5,-3,0.51,94,4,9,1,-5,62%,71,18%,0,2,-2,0.48,127,6,10,0,-4,62%,74,31%,2,3,-1,Win,14,12,26,7,6,13,7,6,13,6,6,12,6,6,12,1,0,1,1,0,1,2,0,2
Lotus,Mazino,KRÜ,fade,1.21,264,22,16,8,6,81%,174,36%,3,2,1,1.46,319,13,8,4,5,85%,195,43%,1,1,0,0.96,210,9,8,4,1,77%,152,29%,2,1,1,Loss,12,14,26,6,7,13,6,7,13,6,6,12,6,6,12,0,1,1,0,1,1,0,2,2
Lotus,Dantedeu5,KRÜ,yoru,0.98,225,20,18,3,2,65%,139,38%,6,3,3,0.68,167,7,10,1,-3,62%,93,38%,4,1,3,1.28,284,13,8,2,5,69%,185,38%,2,2,0,Loss,12,14,26,6,7,13,6,7,13,6,6,12,6,6,12,0,1,1,0,1,1,0,2,2
Lotus,Shyy,KRÜ,viper,0.9,166,15,16,5,-1,65%,107,39%,1,2,-1,0.98,168,8,7,2,1,69%,111,47%,0,1,-1,0.81,165,7,9,3,-2,62%,104,32%,1,1,0,Loss,12,14,26,6,7,13,6,7,13,6,6,12,6,6,12,0,1,1,0,1,1,0,2,2
Lotus,keznit,KRÜ,raze,0.81,204,17,20,4,-3,65%,135,19%,2,3,-1,0.6,181,7,12,3,-5,46%,127,16%,1,1,0,1.02,227,10,8,1,2,85%,144,21%,1,2,-1,Loss,12,14,26,6,7,13,6,7,13,6,6,12,6,6,12,0,1,1,0,1,1,0,2,2
Lotus,Melser,KRÜ,omen,0.49,77,8,19,7,-11,65%,49,22%,1,3,-2,0.43,88,4,10,4,-6,69%,63,23%,1,2,-1,0.54,68,4,9,3,-5,62%,36,20%,0,1,-1,Loss,12,14,26,6,7,13,6,7,13,6,6,12,6,6,12,0,1,1,0,1,1,0,2,2
Sunset,Okeanos,LEV,kayo,1.23,242,15,16,11,-1,84%,175,40%,2,1,1,0.66,138,3,6,3,-3,71%,112,50%,0,0,0,1.57,304,12,10,8,2,92%,212,36%,2,1,1,Loss,6,13,19,2,5,7,4,8,12,2,5,7,4,8,12,0,0,0,0,0,0,0,0,0
Sunset,kiNgg,LEV,omen,1.05,230,16,14,8,2,79%,133,30%,0,2,-2,1.24,247,7,5,3,2,57%,119,16%,0,1,-1,0.94,221,9,9,5,0,92%,141,42%,0,1,-1,Loss,6,13,19,2,5,7,4,8,12,2,5,7,4,8,12,0,0,0,0,0,0,0,0,0
Sunset,tex,LEV,vyse,0.91,171,12,14,5,-2,74%,110,28%,3,2,1,0.45,60,2,5,2,-3,71%,48,29%,0,0,0,1.18,236,10,9,3,1,75%,147,28%,3,2,1,Loss,6,13,19,2,5,7,4,8,12,2,5,7,4,8,12,0,0,0,0,0,0,0,0,0
Sunset,C0M,LEV,sova,0.75,157,9,14,4,-5,63%,95,18%,0,2,-2,0.6,116,2,5,3,-3,71%,68,20%,0,1,-1,0.84,181,7,9,1,-2,58%,111,17%,0,1,-1,Loss,6,13,19,2,5,7,4,8,12,2,5,7,4,8,12,0,0,0,0,0,0,0,0,0
Sunset,Sato,LEV,neon,0.7,175,11,16,5,-5,74%,115,21%,4,3,1,1.16,266,6,5,2,1,71%,165,17%,3,2,1,0.43,123,5,11,3,-6,75%,85,31%,1,1,0,Loss,6,13,19,2,5,7,4,8,12,2,5,7,4,8,12,0,0,0,0,0,0,0,0,0
Sunset,keznit,KRÜ,yoru,1.36,298,21,12,2,9,68%,181,17%,5,2,3,1.08,276,12,9,2,3,67%,157,11%,2,1,1,1.82,339,9,3,0,6,71%,221,36%,3,1,2,Win,13,6,19,8,4,12,5,2,7,8,4,12,5,2,7,0,0,0,0,0,0,0,0,0
Sunset,Shyy,KRÜ,cypher,1.14,209,14,13,5,1,68%,152,29%,1,1,0,0.77,154,6,9,4,-3,75%,121,21%,1,1,0,1.79,304,8,4,1,4,57%,206,41%,0,0,0,Win,13,6,19,8,4,12,5,2,7,8,4,12,5,2,7,0,0,0,0,0,0,0,0,0
Sunset,Mazino,KRÜ,sova,1.11,221,16,12,4,4,84%,139,20%,2,2,0,1.4,269,13,7,3,6,100%,156,19%,2,1,1,0.62,139,3,5,1,-2,57%,111,25%,0,1,-1,Win,13,6,19,8,4,12,5,2,7,8,4,12,5,2,7,0,0,0,0,0,0,0,0,0
Sunset,Melser,KRÜ,omen,0.98,159,12,12,8,0,74%,108,20%,0,1,-1,1.28,220,11,8,7,3,83%,138,23%,0,0,0,0.48,56,1,4,1,-3,57%,55,11%,0,1,-1,Win,13,6,19,8,4,12,5,2,7,8,4,12,5,2,7,0,0,0,0,0,0,0,0,0
Sunset,Dantedeu5,KRÜ,neon,0.87,184,11,14,7,-3,63%,132,19%,2,3,-1,0.69,181,6,10,6,-4,58%,118,12%,1,3,-2,1.18,191,5,4,1,1,71%,157,35%,1,0,1,Win,13,6,19,8,4,12,5,2,7,8,4,12,5,2,7,0,0,0,0,0,0,0,0,0
Haven,kiNgg,LEV,omen,1.43,209,19,9,4,10,76%,127,22%,4,1,3,1.8,304,11,5,3,6,78%,171,14%,3,0,3,1.16,140,8,4,1,4,75%,94,40%,1,1,0,Win,13,8,21,4,5,9,9,3,12,4,5,9,9,3,12,0,0,0,0,0,0,0,0,0
Haven,Sato,LEV,yoru,1.28,242,18,13,6,5,86%,177,36%,2,4,-2,0.63,142,4,7,3,-3,78%,107,46%,0,3,-3,1.77,318,14,6,3,8,92%,229,33%,2,1,1,Win,13,8,21,4,5,9,9,3,12,4,5,9,9,3,12,0,0,0,0,0,0,0,0,0
Haven,C0M,LEV,sova,1.21,206,16,11,8,5,81%,131,29%,1,2,-1,1.03,209,6,5,4,1,78%,134,26%,0,1,-1,1.34,205,10,6,4,4,83%,129,31%,1,1,0,Win,13,8,21,4,5,9,9,3,12,4,5,9,9,3,12,0,0,0,0,0,0,0,0,0
Haven,tex,LEV,cypher,1.04,209,14,15,6,-1,71%,135,29%,5,1,4,0.82,145,4,6,2,-2,67%,93,45%,1,0,1,1.2,259,10,9,4,1,75%,166,24%,4,1,3,Win,13,8,21,4,5,9,9,3,12,4,5,9,9,3,12,0,0,0,0,0,0,0,0,0
Haven,Okeanos,LEV,neon,0.74,166,11,17,5,-6,86%,111,18%,0,1,-1,0.8,196,6,8,1,-2,78%,126,17%,0,1,-1,0.69,144,5,9,4,-4,92%,99,20%,0,0,0,Win,13,8,21,4,5,9,9,3,12,4,5,9,9,3,12,0,0,0,0,0,0,0,0,0
Haven,Melser,KRÜ,omen,1.13,194,17,13,6,4,81%,114,31%,0,2,-2,0.83,168,8,9,3,-1,83%,89,38%,0,1,-1,1.52,231,9,4,3,5,78%,148,26%,0,1,-1,Loss,8,13,21,3,9,12,5,4,9,3,9,12,5,4,9,0,0,0,0,0,0,0,0,0
Haven,Shyy,KRÜ,cypher,0.91,235,14,18,10,-4,76%,164,23%,4,1,3,1.35,305,11,9,3,2,83%,202,27%,3,0,3,0.31,144,3,9,7,-6,67%,114,13%,1,1,0,Loss,8,13,21,3,9,12,5,4,9,3,9,12,5,4,9,0,0,0,0,0,0,0,0,0
Haven,Mazino,KRÜ,sova,0.88,187,13,16,5,-3,67%,135,19%,2,1,1,0.95,181,8,9,1,-1,67%,125,19%,1,1,0,0.78,197,5,7,4,-2,67%,148,19%,1,0,1,Loss,8,13,21,3,9,12,5,4,9,3,9,12,5,4,9,0,0,0,0,0,0,0,0,0
Haven,Dantedeu5,KRÜ,yoru,0.77,147,11,15,6,-4,62%,90,32%,2,3,-1,0.33,106,4,10,2,-6,58%,73,31%,0,2,-2,1.36,202,7,5,4,2,67%,114,33%,2,1,1,Loss,8,13,21,3,9,12,5,4,9,3,9,12,5,4,9,0,0,0,0,0,0,0,0,0
Haven,keznit,KRÜ,iso,0.69,145,10,16,4,-6,57%,104,26%,1,5,-4,0.33,102,3,10,3,-7,50%,81,4%,0,4,-4,1.18,204,7,6,1,1,67%,136,73%,1,1,0,Loss,8,13,21,3,9,12,5,4,9,3,9,12,5,4,9,0,0,0,0,0,0,0,0,0
Bind,Asuna,100T,raze,1.92,304,20,5,4,15,94%,201,11%,3,0,3,2.22,382,8,2,2,6,100%,233,12%,0,0,0,1.79,272,12,3,2,9,92%,188,10%,3,0,3,Win,13,4,17,4,1,5,9,3,12,4,1,5,9,3,12,0,0,0,0,0,0,0,0,0
Bind,Cryocells,100T,yoru,1.3,218,15,8,4,7,88%,128,16%,3,2,1,1.44,266,5,3,2,2,100%,158,18%,3,1,2,1.24,198,10,5,2,5,83%,115,14%,0,1,-1,Win,13,4,17,4,1,5,9,3,12,4,1,5,9,3,12,0,0,0,0,0,0,0,0,0
Bind,Kess,100T,brimstone,1.17,260,15,12,8,3,65%,151,24%,2,1,1,0.23,72,1,4,3,-3,40%,36,67%,0,0,0,1.56,340,14,8,5,6,75%,199,22%,2,1,1,Win,13,4,17,4,1,5,9,3,12,4,1,5,9,3,12,0,0,0,0,0,0,0,0,0
Bind,eeiu,100T,fade,1.11,149,10,7,11,3,71%,90,26%,2,2,0,1.29,158,4,2,2,2,60%,100,20%,0,0,0,1.04,146,6,5,9,1,75%,86,31%,2,2,0,Win,13,4,17,4,1,5,9,3,12,4,1,5,9,3,12,0,0,0,0,0,0,0,0,0
Bind,zander,100T,viper,0.95,176,10,10,4,0,76%,126,36%,2,0,2,1.23,239,4,3,1,1,100%,162,33%,1,0,1,0.82,151,6,7,3,-1,67%,111,39%,1,0,1,Win,13,4,17,4,1,5,9,3,12,4,1,5,9,3,12,0,0,0,0,0,0,0,0,0
Bind,icy,EG,raze,0.94,196,10,15,4,-5,47%,136,26%,2,3,-1,0.82,181,6,11,3,-5,50%,128,29%,1,3,-2,1.23,232,4,4,1,0,40%,157,20%,1,0,1,Loss,4,13,17,3,9,12,1,4,5,3,9,12,1,4,5,0,0,0,0,0,0,0,0,0
Bind,yay,EG,brimstone,0.93,188,11,13,7,-2,71%,120,30%,1,1,0,0.68,134,5,9,5,-4,58%,91,24%,1,1,0,1.52,318,6,4,2,2,100%,190,38%,0,0,0,Loss,4,13,17,3,9,12,1,4,5,3,9,12,1,4,5,0,0,0,0,0,0,0,0,0
Bind,NaturE,EG,fade,0.86,174,11,13,4,-2,71%,105,15%,1,3,-2,1.13,220,10,9,4,1,75%,135,18%,1,1,0,0.2,65,1,4,0,-3,60%,35,0%,0,2,-2,Loss,4,13,17,3,9,12,1,4,5,3,9,12,1,4,5,0,0,0,0,0,0,0,0,0
Bind,Derrek,EG,gekko,0.48,106,6,15,4,-9,53%,78,31%,0,2,-2,0.5,91,4,10,1,-6,42%,65,36%,0,1,-1,0.43,144,2,5,3,-3,80%,110,25%,0,1,-1,Loss,4,13,17,3,9,12,1,4,5,3,9,12,1,4,5,0,0,0,0,0,0,0,0,0
Bind,supamen,EG,viper,0.37,82,4,14,2,-10,59%,63,22%,1,3,-2,0.48,96,3,9,2,-6,67%,79,29%,1,2,-1,0.11,49,1,5,0,-4,40%,26,0%,0,1,-1,Loss,4,13,17,3,9,12,1,4,5,3,9,12,1,4,5,0,0,0,0,0,0,0,0,0
Corrode,eeiu,100T,sova,1.38,266,26,16,6,10,81%,161,26%,2,2,0,1.56,295,14,7,4,7,92%,179,25%,1,1,0,1.2,239,12,9,2,3,69%,142,29%,1,1,0,Win,14,12,26,5,8,13,9,4,13,4,8,12,8,4,12,1,0,1,1,0,1,2,0,2
Corrode,Cryocells,100T,chamber,1.36,263,24,17,5,7,81%,167,38%,8,1,7,1.58,252,12,5,4,7,100%,181,26%,2,1,1,1.14,274,12,12,1,0,62%,153,61%,6,0,6,Win,14,12,26,5,8,13,9,4,13,4,8,12,8,4,12,1,0,1,1,0,1,2,0,2
Corrode,zander,100T,omen,1.35,243,23,16,16,7,88%,156,33%,5,1,4,1.67,334,16,7,5,9,92%,198,30%,5,1,4,1.02,153,7,9,11,-2,85%,115,40%,0,0,0,Win,14,12,26,5,8,13,9,4,13,4,8,12,8,4,12,1,0,1,1,0,1,2,0,2
Corrode,Kess,100T,fade,0.93,177,14,18,12,-4,77%,119,15%,1,1,0,0.93,143,6,7,6,-1,85%,94,15%,1,0,1,0.93,212,8,11,6,-3,69%,143,16%,0,1,-1,Win,14,12,26,5,8,13,9,4,13,4,8,12,8,4,12,1,0,1,1,0,1,2,0,2
Corrode,Asuna,100T,yoru,0.68,140,11,19,9,-8,69%,97,22%,2,3,-1,0.63,120,5,8,6,-3,77%,73,17%,0,1,-1,0.73,162,6,11,3,-5,62%,122,28%,2,2,0,Win,14,12,26,5,8,13,9,4,13,4,8,12,8,4,12,1,0,1,1,0,1,2,0,2
Corrode,icy,EG,neon,1.01,237,22,19,4,3,73%,160,26%,3,4,-1,1.17,284,14,9,3,5,77%,189,34%,1,2,-1,0.85,192,8,10,1,-2,69%,131,16%,2,2,0,Loss,12,14,26,4,9,13,8,5,13,4,8,12,8,4,12,0,1,1,0,1,1,0,2,2
Corrode,yay,EG,chamber,0.99,194,20,20,1,0,54%,121,43%,2,7,-5,1.15,219,12,9,1,3,62%,144,47%,1,5,-4,0.82,169,8,11,0,-3,46%,99,38%,1,2,-1,Loss,12,14,26,4,9,13,8,5,13,4,8,12,8,4,12,0,1,1,0,1,1,0,2,2
Corrode,Derrek,EG,omen,0.91,200,18,21,8,-3,69%,129,39%,3,2,1,0.79,188,10,10,3,0,69%,118,29%,2,1,1,1.03,213,8,11,5,-3,69%,141,50%,1,1,0,Loss,12,14,26,4,9,13,8,5,13,4,8,12,8,4,12,0,1,1,0,1,1,0,2,2
Corrode,supamen,EG,viper,0.85,197,15,20,7,-5,54%,130,35%,0,1,-1,1.19,263,10,9,5,1,77%,155,40%,0,0,0,0.5,131,5,11,2,-6,31%,104,28%,0,1,-1,Loss,12,14,26,4,9,13,8,5,13,4,8,12,8,4,12,0,1,1,0,1,1,0,2,2
Corrode,NaturE,EG,sova,0.6,125,11,18,8,-7,73%,86,19%,0,4,-4,0.7,131,6,8,5,-2,85%,87,17%,0,1,-1,0.5,120,5,10,3,-5,62%,85,23%,0,3,-3,Loss,12,14,26,4,9,13,8,5,13,4,8,12,8,4,12,0,1,1,0,1,1,0,2,2
Ascent,brawk,NRG,sova,1.68,306,16,7,5,9,80%,240,28%,2,0,2,2.8,489,5,1,3,4,100%,374,60%,1,0,1,1.4,261,11,6,2,5,75%,206,22%,1,0,1,Win,13,2,15,3,0,3,10,2,12,3,0,3,10,2,12,0,0,0,0,0,0,0,0,0
Ascent,mada,NRG,jett,1.41,243,14,7,1,7,93%,150,23%,6,0,6,0.51,62,1,2,1,-1,67%,37,0%,0,0,0,1.63,289,13,5,0,8,100%,178,28%,6,0,6,Win,13,2,15,3,0,3,10,2,12,3,0,3,10,2,12,0,0,0,0,0,0,0,0,0
Ascent,Ethan,NRG,kayo,1.38,214,13,7,5,6,93%,134,25%,0,1,-1,2.5,411,5,1,1,4,100%,274,40%,0,0,0,1.1,166,8,6,4,2,92%,99,18%,0,1,-1,Win,13,2,15,3,0,3,10,2,12,3,0,3,10,2,12,0,0,0,0,0,0,0,0,0
Ascent,s0m,NRG,omen,1.28,234,15,8,1,7,80%,132,15%,2,1,1,1.03,224,3,2,0,1,100%,107,50%,1,0,1,1.34,237,12,6,1,6,75%,138,11%,1,1,0,Win,13,2,15,3,0,3,10,2,12,3,0,3,10,2,12,0,0,0,0,0,0,0,0,0
Ascent,skuba,NRG,vyse,1.13,169,9,7,4,2,80%,135,23%,1,2,-1,0.42,69,1,2,1,-1,67%,58,0%,0,1,-1,1.31,194,8,5,3,3,83%,155,25%,1,1,0,Win,13,2,15,3,0,3,10,2,12,3,0,3,10,2,12,0,0,0,0,0,0,0,0,0
Ascent,Okeanos,LEV,omen,0.98,226,12,13,4,-1,67%,151,44%,0,0,0,1.02,234,10,10,1,0,58%,161,50%,0,0,0,0.8,198,2,3,3,-1,100%,113,29%,0,0,0,Loss,2,13,15,2,10,12,0,3,3,2,10,12,0,3,3,0,0,0,0,0,0,0,0,0
Ascent,tex,LEV,chamber,0.59,117,7,13,0,-6,47%,81,36%,0,2,-2,0.62,122,6,10,0,-4,50%,74,25%,0,1,-1,0.49,98,1,3,0,-2,33%,105,67%,0,1,-1,Loss,2,13,15,2,10,12,0,3,3,2,10,12,0,3,3,0,0,0,0,0,0,0,0,0
Ascent,Sato,LEV,yoru,0.53,189,9,14,2,-5,67%,120,35%,3,4,-1,0.47,179,7,11,1,-4,67%,117,37%,3,4,-1,0.76,232,2,3,1,-1,67%,135,29%,0,0,0,Loss,2,13,15,2,10,12,0,3,3,2,10,12,0,3,3,0,0,0,0,0,0,0,0,0
Ascent,C0M,LEV,sova,0.52,119,5,14,5,-9,60%,77,13%,0,2,-2,0.43,101,3,11,3,-8,58%,68,7%,0,2,-2,0.88,194,2,3,2,-1,67%,114,20%,0,0,0,Loss,2,13,15,2,10,12,0,3,3,2,10,12,0,3,3,0,0,0,0,0,0,0,0,0
Ascent,kiNgg,LEV,vyse,0.32,81,3,13,3,-10,33%,58,26%,1,3,-2,0.32,61,2,10,2,-8,33%,44,18%,0,2,-2,0.32,162,1,3,1,-2,33%,112,38%,1,1,0,Loss,2,13,15,2,10,12,0,3,3,2,10,12,0,3,3,0,0,0,0,0,0,0,0,0
Icebox,Ethan,NRG,harbor,1.75,255,14,5,11,9,93%,159,13%,2,1,1,2.14,276,3,0,2,3,100%,133,11%,1,0,1,1.65,251,11,5,9,6,92%,165,14%,1,1,0,Win,13,2,15,3,0,3,10,2,12,3,0,3,10,2,12,0,0,0,0,0,0,0,0,0
Icebox,brawk,NRG,sova,1.69,303,17,6,9,11,93%,203,16%,0,0,0,2.64,351,4,0,4,4,100%,254,33%,0,0,0,1.45,292,13,6,5,7,92%,190,10%,0,0,0,Win,13,2,15,3,0,3,10,2,12,3,0,3,10,2,12,0,0,0,0,0,0,0,0,0
Icebox,mada,NRG,jett,1.49,226,15,6,0,9,93%,140,20%,4,1,3,1.37,242,3,1,0,2,100%,132,13%,1,0,1,1.52,223,12,5,0,7,92%,142,25%,3,1,2,Win,13,2,15,3,0,3,10,2,12,3,0,3,10,2,12,0,0,0,0,0,0,0,0,0
Icebox,s0m,NRG,killjoy,1.18,244,14,8,3,6,87%,158,26%,3,1,2,1.35,249,3,1,0,2,67%,183,57%,0,1,-1,1.13,243,11,7,3,4,92%,152,18%,3,0,3,Win,13,2,15,3,0,3,10,2,12,3,0,3,10,2,12,0,0,0,0,0,0,0,0,0
Icebox,skuba,NRG,viper,1.18,237,13,11,7,2,100%,154,17%,2,1,1,0.93,165,2,2,1,0,100%,67,0%,0,0,0,1.24,256,11,9,6,2,100%,175,19%,2,1,1,Win,13,2,15,3,0,3,10,2,12,3,0,3,10,2,12,0,0,0,0,0,0,0,0,0
Icebox,kiNgg,LEV,viper,0.73,173,8,14,1,-6,53%,133,29%,1,2,-1,0.87,205,8,11,1,-3,67%,154,34%,1,2,-1,0.2,48,0,3,0,-3,0%,48,0%,0,0,0,Loss,2,13,15,2,10,12,0,3,3,2,10,12,0,3,3,0,0,0,0,0,0,0,0,0
Icebox,C0M,LEV,sova,0.69,158,8,14,1,-6,67%,107,57%,0,0,0,0.68,145,6,11,1,-5,75%,91,60%,0,0,0,0.71,210,2,3,0,-1,33%,173,50%,0,0,0,Loss,2,13,15,2,10,12,0,3,3,2,10,12,0,3,3,0,0,0,0,0,0,0,0,0
Icebox,Okeanos,LEV,harbor,0.54,149,8,15,3,-7,60%,91,64%,0,1,-1,0.73,187,8,12,3,-4,75%,114,64%,0,0,0,0.01,0,0,3,0,-3,0%,0,0%,0,1,-1,Loss,2,13,15,2,10,12,0,3,3,2,10,12,0,3,3,0,0,0,0,0,0,0,0,0
Icebox,Sato,LEV,jett,0.35,140,7,15,1,-8,53%,81,38%,2,5,-3,0.27,132,5,12,1,-7,50%,78,55%,1,5,-4,0.69,173,2,3,0,-1,67%,96,20%,1,0,1,Loss,2,13,15,2,10,12,0,3,3,2,10,12,0,3,3,0,0,0,0,0,0,0,0,0
Icebox,tex,LEV,killjoy,0.28,103,5,15,2,-10,53%,69,22%,1,3,-2,0.39,130,5,12,2,-7,67%,86,22%,1,2,-1,0.02,0,0,3,0,-3,0%,0,0%,0,1,-1,Loss,2,13,15,2,10,12,0,3,3,2,10,12,0,3,3,0,0,0,0,0,0,0,0,0
Haven,OXY,C9,jett,1.19,229,19,14,1,5,82%,123,27%,5,4,1,1.49,311,14,8,0,6,92%,164,27%,3,2,1,0.82,133,5,6,1,-1,70%,75,25%,2,2,0,Win,13,9,22,5,5,10,8,4,12,5,5,10,8,4,12,0,0,0,0,0,0,0,0,0
Haven,v1c,C9,omen,1.14,197,15,14,12,1,73%,131,24%,2,0,2,1.1,196,7,7,9,0,83%,136,17%,1,0,1,1.2,201,8,7,3,1,60%,125,38%,1,0,1,Win,13,9,22,5,5,10,8,4,12,5,5,10,8,4,12,0,0,0,0,0,0,0,0,0
Haven,mitch,C9,skye,1.1,224,17,15,10,2,82%,147,16%,1,0,1,1.42,279,13,7,6,6,92%,170,14%,1,0,1,0.71,159,4,8,4,-4,70%,119,24%,0,0,0,Win,13,9,22,5,5,10,8,4,12,5,5,10,8,4,12,0,0,0,0,0,0,0,0,0
Haven,Xeppaa,C9,killjoy,1.02,243,18,17,5,1,73%,156,18%,2,2,0,0.69,176,7,9,0,-2,75%,123,19%,2,1,1,1.42,326,11,8,5,3,70%,196,17%,0,1,-1,Win,13,9,22,5,5,10,8,4,12,5,5,10,8,4,12,0,0,0,0,0,0,0,0,0
Haven,neT,C9,viper,0.52,103,7,15,7,-8,77%,77,18%,1,5,-4,0.38,80,2,8,5,-6,92%,58,7%,0,2,-2,0.68,130,5,7,2,-2,60%,101,29%,1,3,-2,Win,13,9,22,5,5,10,8,4,12,5,5,10,8,4,12,0,0,0,0,0,0,0,0,0
Haven,eeiu,100T,sova,1.41,267,20,15,7,5,73%,199,49%,0,0,0,0.87,164,6,7,4,-1,70%,117,56%,0,0,0,1.86,354,14,8,3,6,75%,268,47%,0,0,0,Loss,9,13,22,5,5,10,4,8,12,5,5,10,4,8,12,0,0,0,0,0,0,0,0,0
Haven,zander,100T,omen,1.12,213,16,15,10,1,73%,128,24%,5,1,4,1.62,303,10,6,6,4,90%,176,27%,4,0,4,0.71,139,6,9,4,-3,58%,87,19%,1,1,0,Loss,9,13,22,5,5,10,4,8,12,5,5,10,4,8,12,0,0,0,0,0,0,0,0,0
Haven,Cryocells,100T,yoru,1.03,198,14,14,9,0,82%,138,32%,1,2,-1,1.15,223,8,6,3,2,80%,147,38%,1,0,1,0.92,178,6,8,6,-2,83%,131,26%,0,2,-2,Loss,9,13,22,5,5,10,4,8,12,5,5,10,4,8,12,0,0,0,0,0,0,0,0,0
Haven,Asuna,100T,neon,0.94,172,14,14,1,0,77%,101,31%,4,4,0,0.55,86,3,6,1,-3,70%,56,20%,0,3,-3,1.26,244,11,8,0,3,83%,139,34%,4,1,3,Loss,9,13,22,5,5,10,4,8,12,5,5,10,4,8,12,0,0,0,0,0,0,0,0,0
Haven,Kess,100T,cypher,0.56,122,11,18,2,-7,45%,83,28%,1,4,-3,0.95,198,9,8,1,1,50%,125,44%,1,1,0,0.23,60,2,10,1,-8,42%,49,13%,0,3,-3,Loss,9,13,22,5,5,10,4,8,12,5,5,10,4,8,12,0,0,0,0,0,0,0,0,0
Icebox,OXY,C9,raze,1.39,293,27,18,3,9,85%,199,27%,3,1,2,1.42,305,15,9,2,6,77%,200,35%,0,1,-1,1.36,281,12,9,1,3,92%,197,21%,3,0,3,Win,14,12,26,5,8,13,9,4,13,4,8,12,8,4,12,1,0,1,1,0,1,2,0,2
Icebox,neT,C9,viper,1.15,256,22,21,8,1,77%,159,36%,3,1,2,0.99,231,9,11,3,-2,62%,134,33%,0,1,-1,1.3,283,13,10,5,3,92%,185,39%,3,0,3,Win,14,12,26,5,8,13,9,4,13,4,8,12,8,4,12,1,0,1,1,0,1,2,0,2
Icebox,v1c,C9,iso,0.98,223,21,19,4,2,77%,153,25%,4,8,-4,0.55,158,7,11,1,-4,62%,109,15%,2,6,-4,1.4,288,14,8,3,6,92%,196,32%,2,2,0,Win,14,12,26,5,8,13,9,4,13,4,8,12,8,4,12,1,0,1,1,0,1,2,0,2
Icebox,mitch,C9,sova,0.82,155,14,18,6,-4,73%,112,33%,0,3,-3,0.51,94,4,9,3,-5,69%,66,38%,0,2,-2,1.13,218,10,9,3,1,77%,158,32%,0,1,-1,Win,14,12,26,5,8,13,9,4,13,4,8,12,8,4,12,1,0,1,1,0,1,2,0,2
Icebox,Xeppaa,C9,killjoy,0.69,142,11,20,6,-9,69%,122,23%,1,2,-1,0.74,170,6,11,4,-5,69%,139,24%,0,1,-1,0.64,116,5,9,2,-4,69%,105,21%,1,1,0,Win,14,12,26,5,8,13,9,4,13,4,8,12,8,4,12,1,0,1,1,0,1,2,0,2
Icebox,Cryocells,100T,jett,1.59,362,35,20,2,15,88%,229,44%,8,4,4,1.17,263,14,11,1,3,77%,159,37%,1,4,-3,2.02,462,21,9,1,12,100%,299,48%,7,0,7,Loss,12,14,26,4,9,13,8,5,13,4,8,12,8,4,12,0,1,1,0,1,1,0,2,2
Icebox,eeiu,100T,sova,0.94,185,15,18,13,-3,58%,119,33%,2,0,2,1.33,291,14,10,4,4,69%,177,33%,1,0,1,0.54,80,1,8,9,-7,46%,61,33%,1,0,1,Loss,12,14,26,4,9,13,8,5,13,4,8,12,8,4,12,0,1,1,0,1,1,0,2,2
Icebox,Asuna,100T,sage,0.92,140,13,16,11,-3,65%,101,24%,1,1,0,0.86,141,7,10,0,-3,54%,109,29%,1,0,1,0.98,141,6,6,11,0,77%,94,19%,0,1,-1,Loss,12,14,26,4,9,13,8,5,13,4,8,12,8,4,12,0,1,1,0,1,1,0,2,2
Icebox,zander,100T,viper,0.79,201,19,21,2,-2,58%,133,33%,2,5,-3,0.19,72,3,12,2,-9,46%,52,21%,0,4,-4,1.38,332,16,9,0,7,69%,214,37%,2,1,1,Loss,12,14,26,4,9,13,8,5,13,4,8,12,8,4,12,0,1,1,0,1,1,0,2,2
Icebox,Kess,100T,killjoy,0.78,169,13,20,9,-7,65%,130,19%,2,1,1,0.63,166,6,12,5,-6,69%,132,14%,1,1,0,0.92,174,7,8,4,-1,62%,127,23%,1,0,1,Loss,12,14,26,4,9,13,8,5,13,4,8,12,8,4,12,0,1,1,0,1,1,0,2,2
Bind,bang,SEN,viper,1.17,230,17,14,4,3,76%,141,40%,2,0,2,1.58,350,16,9,2,7,75%,201,44%,2,0,2,0.62,71,1,5,2,-4,78%,60,17%,0,0,0,Loss,8,13,21,5,7,12,3,6,9,5,7,12,3,6,9,0,0,0,0,0,0,0,0,0
Bind,zekken,SEN,raze,0.82,210,13,17,4,-4,57%,144,19%,3,3,0,1.01,236,8,9,2,-1,67%,170,18%,2,0,2,0.56,176,5,8,2,-3,44%,110,20%,1,3,-2,Loss,8,13,21,5,7,12,3,6,9,5,7,12,3,6,9,0,0,0,0,0,0,0,0,0
Bind,Zellsis,SEN,brimstone,0.81,135,10,15,7,-5,62%,88,16%,0,1,-1,0.73,123,5,9,4,-4,67%,77,19%,0,1,-1,0.92,153,5,6,3,-1,56%,103,13%,0,0,0,Loss,8,13,21,5,7,12,3,6,9,5,7,12,3,6,9,0,0,0,0,0,0,0,0,0
Bind,N4RRATE,SEN,yoru,0.8,202,14,16,3,-2,67%,115,26%,6,5,1,0.43,142,6,10,1,-4,50%,84,27%,2,4,-2,1.29,284,8,6,2,2,89%,156,24%,4,1,3,Loss,8,13,21,5,7,12,3,6,9,5,7,12,3,6,9,0,0,0,0,0,0,0,0,0
Bind,johnqt,SEN,fade,0.77,122,8,12,10,-4,81%,71,14%,0,1,-1,0.55,84,3,8,6,-5,75%,55,24%,0,1,-1,1.06,174,5,4,4,1,89%,92,6%,0,0,0,Loss,8,13,21,5,7,12,3,6,9,5,7,12,3,6,9,0,0,0,0,0,0,0,0,0
Bind,valyn,G2,brimstone,1.21,195,15,11,7,4,86%,131,30%,1,2,-1,0.93,156,5,5,2,0,78%,98,12%,0,0,0,1.41,226,10,6,5,4,92%,155,41%,1,2,-1,Win,13,8,21,6,3,9,7,5,12,6,3,9,7,5,12,0,0,0,0,0,0,0,0,0
Bind,JonahP,G2,fade,1.17,186,14,9,10,5,81%,107,29%,1,1,0,0.48,44,1,4,2,-3,67%,28,25%,0,1,-1,1.69,293,13,5,8,8,92%,167,29%,1,0,1,Win,13,8,21,6,3,9,7,5,12,6,3,9,7,5,12,0,0,0,0,0,0,0,0,0
Bind,leaf,G2,deadlock,1.15,243,16,14,8,2,76%,162,30%,3,2,1,1.09,239,7,6,1,1,78%,175,30%,2,1,1,1.2,246,9,8,7,1,75%,153,30%,1,1,0,Win,13,8,21,6,3,9,7,5,12,6,3,9,7,5,12,0,0,0,0,0,0,0,0,0
Bind,jawgemo,G2,yoru,1.11,227,18,14,5,4,81%,132,19%,3,3,0,1.77,333,11,4,1,7,89%,180,16%,1,2,-1,0.62,150,7,10,4,-3,75%,97,27%,2,1,1,Win,13,8,21,6,3,9,7,5,12,6,3,9,7,5,12,0,0,0,0,0,0,0,0,0
Bind,trent,G2,tejo,0.79,144,11,14,6,-3,62%,97,24%,2,3,-1,0.84,154,5,5,3,0,67%,87,16%,1,1,0,0.75,137,6,9,3,-3,58%,105,35%,1,2,-1,Win,13,8,21,6,3,9,7,5,12,6,3,9,7,5,12,0,0,0,0,0,0,0,0,0
Sunset,johnqt,SEN,cypher,1.28,236,20,16,4,4,73%,163,35%,4,0,4,1.02,157,7,6,3,1,80%,112,27%,0,0,0,1.5,303,13,10,1,3,67%,205,41%,4,0,4,Loss,9,13,22,6,4,10,3,9,12,6,4,10,3,9,12,0,0,0,0,0,0,0,0,0
Sunset,Zellsis,SEN,breach,1.19,253,18,16,14,2,91%,169,27%,0,1,-1,1.67,336,13,6,4,7,100%,209,48%,0,0,0,0.78,184,5,10,10,-5,83%,136,12%,0,1,-1,Loss,9,13,22,6,4,10,3,9,12,6,4,10,3,9,12,0,0,0,0,0,0,0,0,0
Sunset,bang,SEN,omen,1.11,185,15,14,6,1,68%,122,39%,1,0,1,1.1,183,6,6,5,0,70%,124,58%,0,0,0,1.12,188,9,8,1,1,67%,120,31%,1,0,1,Loss,9,13,22,6,4,10,3,9,12,6,4,10,3,9,12,0,0,0,0,0,0,0,0,0
Sunset,N4RRATE,SEN,fade,0.97,230,16,18,10,-2,77%,146,14%,5,3,2,1.16,277,9,8,5,1,80%,174,18%,3,2,1,0.82,192,7,10,5,-3,75%,122,10%,2,1,1,Loss,9,13,22,6,4,10,3,9,12,6,4,10,3,9,12,0,0,0,0,0,0,0,0,0
Sunset,zekken,SEN,neon,0.59,178,12,19,10,-7,68%,122,21%,4,4,0,0.69,198,7,8,3,-1,70%,126,24%,2,3,-1,0.5,163,5,11,7,-6,67%,120,18%,2,1,1,Loss,9,13,22,6,4,10,3,9,12,6,4,10,3,9,12,0,0,0,0,0,0,0,0,0
Sunset,leaf,G2,chamber,1.3,239,19,15,3,4,73%,159,19%,1,2,-1,1.85,325,15,7,1,8,83%,213,29%,1,1,0,0.65,137,4,8,2,-4,60%,95,5%,0,1,-1,Win,13,9,22,9,3,12,4,6,10,9,3,12,4,6,10,0,0,0,0,0,0,0,0,0
Sunset,trent,G2,fade,1.17,222,15,15,16,0,82%,150,35%,0,0,0,1.29,236,9,8,8,1,92%,161,38%,0,0,0,1.03,207,6,7,8,-1,70%,137,31%,0,0,0,Win,13,9,22,9,3,12,4,6,10,9,3,12,4,6,10,0,0,0,0,0,0,0,0,0
Sunset,JonahP,G2,sage,1.01,195,16,15,4,1,68%,126,22%,1,2,-1,1.05,191,9,7,3,2,67%,109,16%,1,2,-1,0.95,201,7,8,1,-1,70%,147,30%,0,0,0,Win,13,9,22,9,3,12,4,6,10,9,3,12,4,6,10,0,0,0,0,0,0,0,0,0
Sunset,jawgemo,G2,neon,0.92,254,20,18,2,2,64%,143,15%,4,7,-3,0.75,237,10,9,1,1,58%,151,19%,0,5,-5,1.12,275,10,9,1,1,70%,135,10%,4,2,2,Win,13,9,22,9,3,12,4,6,10,9,3,12,4,6,10,0,0,0,0,0,0,0,0,0
Sunset,valyn,G2,omen,0.69,160,13,18,8,-5,73%,99,32%,2,3,-1,0.66,124,6,8,3,-2,67%,77,33%,1,1,0,0.72,205,7,10,5,-3,80%,125,32%,1,2,-1,Win,13,9,22,9,3,12,4,6,10,9,3,12,4,6,10,0,0,0,0,0,0,0,0,0
Haven,s0m,NRG,viper,1.26,241,19,16,10,3,65%,176,34%,1,2,-1,1.25,243,11,9,2,2,58%,164,33%,0,0,0,1.27,240,8,7,8,1,73%,190,37%,1,2,-1,Loss,10,13,23,4,8,12,6,5,11,4,8,12,6,5,11,0,0,0,0,0,0,0,0,0
Haven,skuba,NRG,killjoy,1.1,200,17,16,0,1,74%,136,36%,1,1,0,0.5,97,4,9,0,-5,58%,71,29%,0,1,-1,1.76,314,13,7,0,6,91%,207,40%,1,0,1,Loss,10,13,23,4,8,12,6,5,11,4,8,12,6,5,11,0,0,0,0,0,0,0,0,0
Haven,brawk,NRG,sova,0.82,165,13,17,7,-4,65%,109,20%,1,2,-1,0.61,152,5,11,4,-6,50%,100,17%,0,1,-1,1.05,180,8,6,3,2,82%,119,24%,1,1,0,Loss,10,13,23,4,8,12,6,5,11,4,8,12,6,5,11,0,0,0,0,0,0,0,0,0
Haven,mada,NRG,neon,0.82,203,15,20,6,-5,61%,138,33%,4,5,-1,0.37,111,4,12,1,-8,42%,82,10%,2,4,-2,1.31,304,11,8,5,3,82%,199,52%,2,1,1,Loss,10,13,23,4,8,12,6,5,11,4,8,12,6,5,11,0,0,0,0,0,0,0,0,0
Haven,Ethan,NRG,omen,0.79,200,16,20,7,-4,78%,132,26%,3,3,0,0.91,232,9,10,2,-1,75%,153,32%,2,2,0,0.66,165,7,10,5,-3,82%,110,16%,1,1,0,Loss,10,13,23,4,8,12,6,5,11,4,8,12,6,5,11,0,0,0,0,0,0,0,0,0
Haven,OXY,C9,neon,1.31,273,24,16,4,8,70%,152,15%,5,3,2,1.19,283,11,10,4,1,64%,156,9%,3,3,0,1.42,265,13,6,0,7,75%,148,25%,2,0,2,Win,13,10,23,5,6,11,8,4,12,5,6,11,8,4,12,0,0,0,0,0,0,0,0,0
Haven,Xeppaa,C9,vyse,1.26,264,21,18,13,3,87%,166,21%,1,1,0,1.08,229,9,9,3,0,82%,147,16%,0,0,0,1.44,297,12,9,10,3,92%,183,24%,1,1,0,Win,13,10,23,5,6,11,8,4,12,5,6,11,8,4,12,0,0,0,0,0,0,0,0,0
Haven,v1c,C9,omen,1.25,262,22,15,12,7,91%,175,27%,4,1,3,1,272,10,10,3,0,91%,177,19%,1,1,0,1.48,254,12,5,9,7,92%,173,42%,3,0,3,Win,13,10,23,5,6,11,8,4,12,5,6,11,8,4,12,0,0,0,0,0,0,0,0,0
Haven,neT,C9,viper,1.07,199,18,15,3,3,78%,124,42%,3,3,0,0.88,159,8,8,0,0,73%,89,58%,1,2,-1,1.24,236,10,7,3,3,83%,156,33%,2,1,1,Win,13,10,23,5,6,11,8,4,12,5,6,11,8,4,12,0,0,0,0,0,0,0,0,0
Haven,mitch,C9,skye,0.47,82,4,16,14,-12,70%,63,13%,0,2,-2,0.09,59,0,10,7,-10,64%,52,18%,0,0,0,0.81,104,4,6,7,-2,75%,73,10%,0,2,-2,Win,13,10,23,5,6,11,8,4,12,5,6,11,8,4,12,0,0,0,0,0,0,0,0,0
Corrode,mada,NRG,waylay,2,345,21,5,4,16,87%,224,34%,2,1,1,2.43,401,5,0,1,5,100%,212,14%,1,0,1,1.89,332,16,5,3,11,83%,227,47%,1,1,0,Win,13,2,15,3,0,3,10,2,12,3,0,3,10,2,12,0,0,0,0,0,0,0,0,0
Corrode,brawk,NRG,sova,1.85,344,18,7,4,11,87%,231,20%,4,0,4,2.3,343,4,0,0,4,100%,231,67%,1,0,1,1.74,345,14,7,4,7,83%,231,16%,3,0,3,Win,13,2,15,3,0,3,10,2,12,3,0,3,10,2,12,0,0,0,0,0,0,0,0,0
Corrode,Ethan,NRG,kayo,1.34,257,13,9,8,4,93%,143,15%,5,0,5,1.52,168,2,0,2,2,100%,99,0%,0,0,0,1.29,280,11,9,6,2,92%,154,17%,5,0,5,Win,13,2,15,3,0,3,10,2,12,3,0,3,10,2,12,0,0,0,0,0,0,0,0,0
Corrode,s0m,NRG,omen,1.12,129,7,6,12,1,87%,81,20%,1,0,1,1.75,173,2,0,4,2,100%,94,0%,0,0,0,0.96,119,5,6,8,-1,83%,78,31%,1,0,1,Win,13,2,15,3,0,3,10,2,12,3,0,3,10,2,12,0,0,0,0,0,0,0,0,0
Corrode,skuba,NRG,viper,0.85,137,8,8,4,0,73%,90,36%,2,0,2,1.26,213,2,1,2,1,67%,148,50%,1,0,1,0.75,119,6,7,2,-1,75%,75,30%,1,0,1,Win,13,2,15,3,0,3,10,2,12,3,0,3,10,2,12,0,0,0,0,0,0,0,0,0
Corrode,Xeppaa,C9,vyse,0.81,172,9,13,3,-4,53%,121,29%,0,1,-1,0.98,198,9,10,3,-1,67%,134,36%,0,0,0,0.14,68,0,3,0,-3,0%,68,0%,0,1,-1,Loss,2,13,15,2,10,12,0,3,3,2,10,12,0,3,3,0,0,0,0,0,0,0,0,0
Corrode,mitch,C9,skye,0.68,143,7,14,3,-7,53%,89,24%,0,2,-2,0.85,174,7,11,2,-4,58%,106,26%,0,1,-1,0.04,21,0,3,1,-3,33%,21,0%,0,1,-1,Loss,2,13,15,2,10,12,0,3,3,2,10,12,0,3,3,0,0,0,0,0,0,0,0,0
Corrode,neT,C9,viper,0.58,148,6,12,3,-6,67%,121,38%,0,4,-4,0.75,181,6,9,3,-3,83%,146,39%,0,3,-3,0.02,18,0,3,0,-3,0%,18,0%,0,1,-1,Loss,2,13,15,2,10,12,0,3,3,2,10,12,0,3,3,0,0,0,0,0,0,0,0,0
Corrode,v1c,C9,omen,0.55,150,7,14,7,-7,53%,94,21%,1,1,0,0.71,186,7,11,7,-4,67%,115,21%,1,1,0,0.02,9,0,3,0,-3,0%,9,0%,0,0,0,Loss,2,13,15,2,10,12,0,3,3,2,10,12,0,3,3,0,0,0,0,0,0,0,0,0
Corrode,OXY,C9,neon,0.39,115,6,14,2,-8,47%,73,32%,0,6,-6,0.28,116,5,11,2,-6,50%,69,33%,0,6,-6,0.83,117,1,3,0,-2,33%,90,29%,0,0,0,Loss,2,13,15,2,10,12,0,3,3,2,10,12,0,3,3,0,0,0,0,0,0,0,0,0
Lotus,brawk,NRG,vyse,1.4,241,21,12,10,9,83%,154,14%,1,1,0,1.4,241,21,12,10,9,83%,154,14%,1,1,0,1.19,179,7,7,8,0,75%,123,25%,1,0,1,Win,13,10,23,7,4,11,6,6,12,7,4,11,6,6,12,0,0,0,0,0,0,0,0,0
Lotus,Ethan,NRG,fade,1.32,270,23,16,8,7,87%,151,21%,4,2,2,1.32,270,23,16,8,7,87%,151,21%,4,2,2,1.46,305,14,9,4,5,92%,166,20%,4,0,4,Win,13,10,23,7,4,11,6,6,12,7,4,11,6,6,12,0,0,0,0,0,0,0,0,0
Lotus,s0m,NRG,omen,1.3,219,17,13,16,4,74%,147,19%,2,0,2,1.3,219,17,13,16,4,74%,147,19%,2,0,2,0.63,114,4,8,3,-4,58%,87,16%,0,0,0,Win,13,10,23,7,4,11,6,6,12,7,4,11,6,6,12,0,0,0,0,0,0,0,0,0
Lotus,mada,NRG,raze,1.14,232,19,16,5,3,78%,143,12%,4,4,0,1.14,232,19,16,5,3,78%,143,12%,4,4,0,1.03,234,10,10,3,0,83%,154,18%,2,2,0,Win,13,10,23,7,4,11,6,6,12,7,4,11,6,6,12,0,0,0,0,0,0,0,0,0
Lotus,skuba,NRG,viper,0.85,152,11,16,13,-5,78%,110,18%,2,3,-1,0.85,152,11,16,13,-5,78%,110,18%,2,3,-1,1.33,221,9,8,9,1,92%,170,25%,2,1,1,Win,13,10,23,7,4,11,6,6,12,7,4,11,6,6,12,0,0,0,0,0,0,0,0,0
Lotus,v1c,C9,omen,1.34,254,20,16,6,4,78%,153,45%,2,3,-1,1.34,254,20,16,6,4,78%,153,45%,2,3,-1,1.01,197,7,9,3,-2,73%,131,42%,2,1,1,Loss,10,13,23,6,6,12,4,7,11,6,6,12,4,7,11,0,0,0,0,0,0,0,0,0
Lotus,OXY,C9,raze,1.07,254,22,19,4,3,70%,162,32%,4,3,1,1.07,254,22,19,4,3,70%,162,32%,4,3,1,1.35,320,13,9,2,4,82%,197,31%,3,2,1,Loss,10,13,23,6,6,12,4,7,11,6,6,12,4,7,11,0,0,0,0,0,0,0,0,0
Lotus,mitch,C9,fade,0.67,150,11,18,7,-7,65%,106,14%,1,2,-1,0.67,150,11,18,7,-7,65%,106,14%,1,2,-1,0.67,132,5,8,2,-3,55%,94,14%,0,0,0,Loss,10,13,23,6,6,12,4,7,11,6,6,12,4,7,11,0,0,0,0,0,0,0,0,0
Lotus,Xeppaa,C9,vyse,0.6,148,13,19,4,-6,61%,102,30%,2,2,0,0.6,148,13,19,4,-6,61%,102,30%,2,2,0,0.29,92,3,10,2,-7,55%,70,20%,2,0,2,Loss,10,13,23,6,6,12,4,7,11,6,6,12,4,7,11,0,0,0,0,0,0,0,0,0
Lotus,neT,C9,viper,0.26,100,7,20,6,-13,52%,70,38%,1,3,-2,0.26,100,7,20,6,-13,52%,70,38%,1,3,-2,0.18,101,3,11,2,-8,36%,68,33%,0,1,-1,Loss,10,13,23,6,6,12,4,7,11,6,6,12,4,7,11,0,0,0,0,0,0,0,0,0
Lotus,johnqt,SEN,viper,1.27,258,16,12,8,4,88%,153,26%,1,2,-1,1.07,228,10,9,4,1,83%,141,25%,0,2,-2,1.76,330,6,3,4,3,100%,182,27%,1,0,1,Loss,4,13,17,2,10,12,2,3,5,2,10,12,2,3,5,0,0,0,0,0,0,0,0,0
Lotus,Zellsis,SEN,vyse,0.78,172,9,14,3,-5,59%,108,19%,1,0,1,0.43,114,3,11,2,-8,42%,82,10%,0,0,0,1.63,311,6,3,1,3,100%,172,27%,1,0,1,Loss,4,13,17,2,10,12,2,3,5,2,10,12,2,3,5,0,0,0,0,0,0,0,0,0
Lotus,zekken,SEN,raze,0.63,155,9,15,2,-6,47%,94,18%,1,4,-3,0.66,195,7,12,2,-5,42%,120,22%,1,4,-3,0.56,61,2,3,0,-1,60%,31,0%,0,0,0,Loss,4,13,17,2,10,12,2,3,5,2,10,12,2,3,5,0,0,0,0,0,0,0,0,0
Lotus,bang,SEN,omen,0.5,111,6,14,2,-8,59%,73,29%,2,2,0,0.5,106,4,10,1,-6,50%,69,29%,1,2,-1,0.5,124,2,4,1,-2,80%,81,29%,1,0,1,Loss,4,13,17,2,10,12,2,3,5,2,10,12,2,3,5,0,0,0,0,0,0,0,0,0
Lotus,N4RRATE,SEN,fade,0.49,143,6,14,6,-8,65%,94,19%,3,1,2,0.5,151,5,10,2,-5,50%,97,24%,2,0,2,0.46,126,1,4,4,-3,100%,88,10%,1,1,0,Loss,4,13,17,2,10,12,2,3,5,2,10,12,2,3,5,0,0,0,0,0,0,0,0,0
Lotus,brawk,NRG,vyse,1.81,287,19,6,5,13,94%,160,16%,1,0,1,1.68,329,6,3,1,3,80%,179,33%,0,0,0,1.86,269,13,3,4,10,100%,152,10%,1,0,1,Win,13,4,17,3,2,5,10,2,12,3,2,5,10,2,12,0,0,0,0,0,0,0,0,0
Lotus,Ethan,NRG,fade,1.79,282,18,8,8,10,88%,174,32%,3,1,2,1.21,162,2,3,6,-1,100%,102,25%,0,1,-1,2.03,333,16,5,2,11,83%,203,33%,3,0,3,Win,13,4,17,3,2,5,10,2,12,3,2,5,10,2,12,0,0,0,0,0,0,0,0,0
Lotus,skuba,NRG,viper,1.29,217,14,8,9,6,82%,144,27%,2,1,1,1.64,213,4,2,4,2,80%,159,29%,0,0,0,1.14,219,10,6,5,4,83%,138,26%,2,1,1,Win,13,4,17,3,2,5,10,2,12,3,2,5,10,2,12,0,0,0,0,0,0,0,0,0
Lotus,s0m,NRG,omen,0.92,171,8,11,15,-3,71%,110,9%,1,3,-2,0.75,174,3,4,2,-1,40%,101,29%,1,1,0,0.99,171,5,7,13,-2,83%,114,7%,0,2,-2,Win,13,4,17,3,2,5,10,2,12,3,2,5,10,2,12,0,0,0,0,0,0,0,0,0
Lotus,mada,NRG,raze,0.59,162,10,13,3,-3,71%,120,30%,2,3,-1,0.07,115,2,5,0,-3,60%,67,29%,0,2,-2,0.81,183,8,8,3,0,75%,143,30%,2,1,1,Win,13,4,17,3,2,5,10,2,12,3,2,5,10,2,12,0,0,0,0,0,0,0,0,0
Icebox,N4RRATE,SEN,sova,1.35,327,27,21,5,6,75%,226,38%,3,5,-2,0.99,273,12,11,2,1,75%,193,43%,0,3,-3,1.71,381,15,10,3,5,75%,260,34%,3,2,1,Loss,11,13,24,8,4,12,3,9,12,8,4,12,3,9,12,0,0,0,0,0,0,0,0,0
Icebox,zekken,SEN,jett,1.34,271,27,18,1,9,83%,175,38%,5,1,4,1.48,308,15,9,1,6,100%,206,41%,4,0,4,1.2,235,12,9,0,3,67%,145,33%,1,1,0,Loss,11,13,24,8,4,12,3,9,12,8,4,12,3,9,12,0,0,0,0,0,0,0,0,0
Icebox,bang,SEN,viper,0.81,161,12,16,7,-4,67%,112,31%,1,4,-3,1.1,174,7,5,2,2,83%,118,35%,1,1,0,0.52,149,5,11,5,-6,50%,107,26%,0,3,-3,Loss,11,13,24,8,4,12,3,9,12,8,4,12,3,9,12,0,0,0,0,0,0,0,0,0
Icebox,Zellsis,SEN,killjoy,0.8,167,14,15,5,-1,67%,122,21%,1,2,-1,1.39,260,12,6,2,6,83%,186,26%,1,2,-1,0.21,75,2,9,3,-7,50%,57,7%,0,0,0,Loss,11,13,24,8,4,12,3,9,12,8,4,12,3,9,12,0,0,0,0,0,0,0,0,0
Icebox,johnqt,SEN,sage,0.59,100,8,18,17,-10,71%,51,15%,1,1,0,0.31,71,2,10,10,-8,67%,32,13%,0,0,0,0.87,131,6,8,7,-2,75%,70,16%,1,1,0,Loss,11,13,24,8,4,12,3,9,12,8,4,12,3,9,12,0,0,0,0,0,0,0,0,0
Icebox,brawk,NRG,sova,1.6,308,25,15,5,10,88%,206,23%,5,0,5,1.41,260,11,7,3,4,83%,177,22%,3,0,3,1.78,358,14,8,2,6,92%,236,23%,2,0,2,Win,13,11,24,9,3,12,4,8,12,9,3,12,4,8,12,0,0,0,0,0,0,0,0,0
Icebox,Ethan,NRG,harbor,1.05,189,16,16,12,0,71%,120,30%,1,2,-1,0.52,101,4,8,5,-4,58%,70,20%,1,2,-1,1.57,279,12,8,7,4,83%,171,34%,0,0,0,Win,13,11,24,9,3,12,4,8,12,9,3,12,4,8,12,0,0,0,0,0,0,0,0,0
Icebox,skuba,NRG,viper,1.02,209,17,18,9,-1,71%,151,34%,0,3,-3,1.85,321,15,6,5,9,83%,227,58%,0,0,0,0.19,99,2,12,4,-10,58%,76,9%,0,3,-3,Win,13,11,24,9,3,12,4,8,12,9,3,12,4,8,12,0,0,0,0,0,0,0,0,0
Icebox,mada,NRG,jett,0.97,210,18,18,4,0,75%,132,37%,5,4,1,1.03,247,10,9,2,1,92%,156,41%,2,2,0,0.91,175,8,9,2,-1,58%,109,31%,3,2,1,Win,13,11,24,9,3,12,4,8,12,9,3,12,4,8,12,0,0,0,0,0,0,0,0,0
Icebox,s0m,NRG,killjoy,0.52,138,11,21,4,-10,75%,101,35%,2,2,0,0.64,162,7,10,2,-3,92%,116,39%,1,1,0,0.39,115,4,11,2,-7,58%,85,31%,1,1,0,Win,13,11,24,9,3,12,4,8,12,9,3,12,4,8,12,0,0,0,0,0,0,0,0,0
Sunset,bang,SEN,omen,1.26,228,20,14,12,6,87%,136,27%,3,0,3,1.08,197,8,8,8,0,83%,134,38%,2,0,2,1.47,263,12,6,4,6,91%,139,19%,1,0,1,Win,13,10,23,5,7,12,8,3,11,5,7,12,8,3,11,0,0,0,0,0,0,0,0,0
Sunset,N4RRATE,SEN,fade,1.2,209,18,13,8,5,65%,139,30%,1,2,-1,0.95,188,9,8,1,1,58%,126,25%,1,1,0,1.48,233,9,5,7,4,73%,153,35%,0,1,-1,Win,13,10,23,5,7,12,8,3,11,5,7,12,8,3,11,0,0,0,0,0,0,0,0,0
Sunset,johnqt,SEN,cypher,1.15,211,18,13,8,5,78%,139,22%,0,3,-3,1.16,240,10,8,3,2,75%,154,19%,0,1,-1,1.15,181,8,5,5,3,82%,123,26%,0,2,-2,Win,13,10,23,5,7,12,8,3,11,5,7,12,8,3,11,0,0,0,0,0,0,0,0,0
Sunset,Zellsis,SEN,breach,1.07,185,13,14,19,-1,78%,118,17%,2,1,1,0.68,137,5,9,8,-4,75%,87,11%,1,0,1,1.5,239,8,5,11,3,82%,151,21%,1,1,0,Win,13,10,23,5,7,12,8,3,11,5,7,12,8,3,11,0,0,0,0,0,0,0,0,0
Sunset,zekken,SEN,neon,1.05,237,20,17,4,3,78%,144,18%,7,4,3,1.01,211,9,9,2,0,75%,137,25%,3,3,0,1.09,267,11,8,2,3,82%,152,13%,4,1,3,Win,13,10,23,5,7,12,8,3,11,5,7,12,8,3,11,0,0,0,0,0,0,0,0,0
Sunset,brawk,NRG,sova,1.12,263,19,19,7,0,70%,181,25%,2,0,2,0.65,193,6,10,3,-4,55%,126,15%,0,0,0,1.54,327,13,9,4,4,83%,232,31%,2,0,2,Loss,10,13,23,3,8,11,7,5,12,3,8,11,7,5,12,0,0,0,0,0,0,0,0,0
Sunset,Ethan,NRG,breach,1.11,182,15,16,9,-1,74%,131,30%,3,1,2,0.82,156,6,9,2,-3,82%,108,35%,2,0,2,1.38,207,9,7,7,2,67%,152,26%,1,1,0,Loss,10,13,23,3,8,11,7,5,12,3,8,11,7,5,12,0,0,0,0,0,0,0,0,0
Sunset,skuba,NRG,cypher,0.92,164,14,15,6,-1,65%,105,29%,0,0,0,0.67,139,6,9,2,-3,73%,79,33%,0,0,0,1.14,187,8,6,4,2,58%,130,27%,0,0,0,Loss,10,13,23,3,8,11,7,5,12,3,8,11,7,5,12,0,0,0,0,0,0,0,0,0
Sunset,mada,NRG,neon,0.8,176,13,19,10,-6,70%,103,38%,4,6,-2,0.88,216,7,10,7,-3,82%,138,45%,3,3,0,0.73,141,6,9,3,-3,58%,71,20%,1,3,-2,Loss,10,13,23,3,8,11,7,5,12,3,8,11,7,5,12,0,0,0,0,0,0,0,0,0
Sunset,s0m,NRG,omen,0.48,135,10,20,4,-10,52%,88,31%,1,6,-5,0.43,123,4,10,2,-6,36%,82,58%,0,3,-3,0.52,146,6,10,2,-4,67%,94,17%,1,3,-2,Loss,10,13,23,3,8,11,7,5,12,3,8,11,7,5,12,0,0,0,0,0,0,0,0,0
Corrode,johnqt,SEN,viper,1.22,198,17,11,4,6,71%,114,40%,0,1,-1,1.73,255,10,3,1,7,89%,157,53%,0,1,-1,0.84,156,7,8,3,-1,58%,83,30%,0,0,0,Loss,8,13,21,7,2,9,1,11,12,7,2,9,1,11,12,0,0,0,0,0,0,0,0,0
Corrode,bang,SEN,omen,0.95,166,12,14,6,-2,62%,122,33%,0,1,-1,1.99,304,11,3,3,8,89%,200,30%,0,0,0,0.17,63,1,11,3,-10,42%,63,42%,0,1,-1,Loss,8,13,21,7,2,9,1,11,12,7,2,9,1,11,12,0,0,0,0,0,0,0,0,0
Corrode,zekken,SEN,neon,0.74,196,13,18,3,-5,67%,144,31%,6,7,-1,0.9,205,6,6,2,0,78%,151,29%,3,3,0,0.62,190,7,12,1,-5,58%,139,32%,3,4,-1,Loss,8,13,21,7,2,9,1,11,12,7,2,9,1,11,12,0,0,0,0,0,0,0,0,0
Corrode,N4RRATE,SEN,fade,0.6,110,7,15,6,-8,67%,73,11%,1,3,-2,0.62,86,3,5,2,-2,89%,56,10%,0,1,-1,0.59,129,4,10,4,-6,50%,86,12%,1,2,-1,Loss,8,13,21,7,2,9,1,11,12,7,2,9,1,11,12,0,0,0,0,0,0,0,0,0
Corrode,Zellsis,SEN,vyse,0.58,164,11,17,7,-6,71%,107,26%,0,2,-2,0.45,162,5,7,6,-2,78%,103,18%,0,1,-1,0.67,167,6,10,1,-4,67%,110,33%,0,1,-1,Loss,8,13,21,7,2,9,1,11,12,7,2,9,1,11,12,0,0,0,0,0,0,0,0,0
Corrode,brawk,NRG,sova,1.38,275,19,12,6,7,76%,171,27%,1,0,1,1.62,301,13,5,2,8,92%,176,20%,1,0,1,1.06,240,6,7,4,-1,56%,164,47%,0,0,0,Win,13,8,21,11,1,12,2,7,9,11,1,12,2,7,9,0,0,0,0,0,0,0,0,0
Corrode,skuba,NRG,viper,1.15,184,14,9,6,5,81%,107,36%,3,1,2,1.54,243,10,2,5,8,92%,141,47%,2,1,1,0.62,106,4,7,1,-3,67%,63,18%,1,0,1,Win,13,8,21,11,1,12,2,7,9,11,1,12,2,7,9,0,0,0,0,0,0,0,0,0
Corrode,mada,NRG,waylay,1.13,224,17,13,6,4,81%,142,35%,5,3,2,1.1,219,10,7,3,3,92%,138,50%,3,2,1,1.17,232,7,6,3,1,67%,148,20%,2,1,1,Win,13,8,21,11,1,12,2,7,9,11,1,12,2,7,9,0,0,0,0,0,0,0,0,0
Corrode,Ethan,NRG,kayo,1.06,177,12,12,9,0,71%,132,26%,2,1,1,1.65,257,10,5,7,5,100%,197,26%,1,0,1,0.28,71,2,7,2,-5,33%,47,22%,1,1,0,Win,13,8,21,11,1,12,2,7,9,11,1,12,2,7,9,0,0,0,0,0,0,0,0,0
Corrode,s0m,NRG,omen,0.69,165,13,14,6,-1,81%,99,22%,3,2,1,0.96,171,8,6,4,2,92%,103,33%,1,1,0,0.34,158,5,8,2,-3,67%,93,14%,2,1,1,Win,13,8,21,11,1,12,2,7,9,11,1,12,2,7,9,0,0,0,0,0,0,0,0,0
Bind,valyn,G2,brimstone,1.1,189,15,15,15,0,71%,125,28%,3,0,3,0.4,83,2,10,4,-8,50%,55,25%,0,0,0,1.8,295,13,5,11,8,92%,195,29%,3,0,3,Win,13,11,24,3,9,12,10,2,12,3,9,12,10,2,12,0,0,0,0,0,0,0,0,0
Bind,jawgemo,G2,yoru,1.06,217,18,16,2,2,67%,146,19%,4,3,1,0.59,164,7,10,0,-3,42%,115,25%,1,2,-1,1.52,270,11,6,2,5,92%,177,15%,3,1,2,Win,13,11,24,3,9,12,10,2,12,3,9,12,10,2,12,0,0,0,0,0,0,0,0,0
Bind,JonahP,G2,fade,1.06,204,16,16,9,0,75%,132,25%,1,3,-2,1.01,226,8,9,4,-1,67%,151,22%,0,2,-2,1.11,183,8,7,5,1,83%,112,33%,1,1,0,Win,13,11,24,3,9,12,10,2,12,3,9,12,10,2,12,0,0,0,0,0,0,0,0,0
Bind,trent,G2,tejo,0.88,169,16,17,2,-1,54%,98,21%,2,2,0,0.67,122,5,9,1,-4,50%,85,25%,1,2,-1,1.08,216,11,8,1,3,58%,112,18%,1,0,1,Win,13,11,24,3,9,12,10,2,12,3,9,12,10,2,12,0,0,0,0,0,0,0,0,0
Bind,leaf,G2,deadlock,0.75,170,15,19,5,-4,46%,110,31%,4,2,2,0.46,125,5,11,0,-6,25%,74,56%,3,1,2,1.03,216,10,8,5,2,67%,145,23%,1,1,0,Win,13,11,24,3,9,12,10,2,12,3,9,12,10,2,12,0,0,0,0,0,0,0,0,0
Bind,Ethan,NRG,kayo,1.23,214,18,15,12,3,67%,134,25%,2,2,0,1.11,240,10,10,6,0,58%,155,25%,0,0,0,1.36,188,8,5,6,3,75%,114,24%,2,2,0,Loss,11,13,24,2,10,12,9,3,12,2,10,12,9,3,12,0,0,0,0,0,0,0,0,0
Bind,skuba,NRG,viper,1.12,187,18,13,6,5,75%,115,26%,2,2,0,0.74,156,6,10,4,-4,75%,95,28%,1,0,1,1.51,218,12,3,2,9,75%,135,25%,1,2,-1,Loss,11,13,24,2,10,12,9,3,12,2,10,12,9,3,12,0,0,0,0,0,0,0,0,0
Bind,brawk,NRG,fade,1.08,206,17,16,8,1,67%,135,26%,1,1,0,1.08,233,9,10,6,-1,58%,144,28%,0,0,0,1.08,179,8,6,2,2,75%,127,23%,1,1,0,Loss,11,13,24,2,10,12,9,3,12,2,10,12,9,3,12,0,0,0,0,0,0,0,0,0
Bind,s0m,NRG,brimstone,1.06,205,16,18,13,-2,83%,142,22%,0,2,-2,0.53,131,5,12,6,-7,75%,96,29%,0,2,-2,1.59,279,11,6,7,5,92%,189,20%,0,0,0,Loss,11,13,24,2,10,12,9,3,12,2,10,12,9,3,12,0,0,0,0,0,0,0,0,0
Bind,mada,NRG,raze,0.78,183,14,18,7,-4,63%,113,12%,5,7,-2,0.25,104,4,11,2,-7,50%,63,27%,2,7,-5,1.32,262,10,7,5,3,75%,163,6%,3,0,3,Loss,11,13,24,2,10,12,9,3,12,2,10,12,9,3,12,0,0,0,0,0,0,0,0,0
Lotus,valyn,G2,omen,1.23,239,18,14,7,4,76%,157,27%,1,0,1,1.88,356,13,6,2,7,78%,222,33%,1,0,1,0.75,153,5,8,5,-3,75%,109,20%,0,0,0,Win,13,8,21,6,3,9,7,5,12,6,3,9,7,5,12,0,0,0,0,0,0,0,0,0
Lotus,jawgemo,G2,yoru,1.14,221,17,15,1,2,67%,125,13%,3,2,1,1.55,243,8,4,1,4,78%,145,16%,0,0,0,0.83,205,9,11,0,-2,58%,109,10%,3,2,1,Win,13,8,21,6,3,9,7,5,12,6,3,9,7,5,12,0,0,0,0,0,0,0,0,0
Lotus,JonahP,G2,fade,1.14,221,16,14,9,2,76%,132,11%,3,2,1,0.56,161,4,8,5,-4,67%,100,11%,1,2,-1,1.57,267,12,6,4,6,83%,156,12%,2,0,2,Win,13,8,21,6,3,9,7,5,12,6,3,9,7,5,12,0,0,0,0,0,0,0,0,0
Lotus,trent,G2,tejo,0.93,184,15,13,5,2,76%,141,41%,2,2,0,0.55,99,4,5,3,-1,89%,85,20%,0,0,0,1.22,249,11,8,2,3,67%,183,48%,2,2,0,Win,13,8,21,6,3,9,7,5,12,6,3,9,7,5,12,0,0,0,0,0,0,0,0,0
Lotus,leaf,G2,viper,0.91,165,13,12,3,1,67%,113,23%,3,3,0,0.91,170,6,5,2,1,56%,109,33%,2,3,-1,0.92,162,7,7,1,0,75%,117,17%,1,0,1,Win,13,8,21,6,3,9,7,5,12,6,3,9,7,5,12,0,0,0,0,0,0,0,0,0
Lotus,s0m,NRG,omen,1.17,219,16,15,7,1,81%,134,40%,1,0,1,1.16,202,8,8,4,0,75%,137,47%,0,0,0,1.18,244,8,7,3,1,89%,129,33%,1,0,1,Loss,8,13,21,5,7,12,3,6,9,5,7,12,3,6,9,0,0,0,0,0,0,0,0,0
Lotus,skuba,NRG,viper,1.16,216,17,13,6,4,67%,134,26%,2,3,-1,1.55,275,12,7,5,5,67%,159,19%,1,3,-2,0.64,138,5,6,1,-1,67%,100,50%,1,0,1,Loss,8,13,21,5,7,12,3,6,9,5,7,12,3,6,9,0,0,0,0,0,0,0,0,0
Lotus,Ethan,NRG,fade,0.73,174,13,16,5,-3,67%,124,21%,0,1,-1,0.87,193,8,9,2,-1,83%,125,16%,0,0,0,0.53,151,5,7,3,-2,44%,122,27%,0,1,-1,Loss,8,13,21,5,7,12,3,6,9,5,7,12,3,6,9,0,0,0,0,0,0,0,0,0
Lotus,mada,NRG,raze,0.71,203,13,19,4,-6,52%,131,17%,5,6,-1,0.54,147,6,10,1,-4,50%,96,28%,2,3,-1,0.94,280,7,9,3,-2,56%,177,10%,3,3,0,Loss,8,13,21,5,7,12,3,6,9,5,7,12,3,6,9,0,0,0,0,0,0,0,0,0
Lotus,brawk,NRG,vyse,0.48,121,8,16,5,-8,71%,77,10%,1,2,-1,0.41,123,5,11,3,-6,67%,65,11%,1,2,-1,0.56,118,3,5,2,-2,78%,94,10%,0,0,0,Loss,8,13,21,5,7,12,3,6,9,5,7,12,3,6,9,0,0,0,0,0,0,0,0,0
Ascent,trent,G2,sova,1.32,213,18,13,4,5,65%,150,33%,1,2,-1,1.17,171,8,7,1,1,58%,119,29%,0,1,-1,1.49,260,10,6,3,4,73%,184,36%,1,1,0,Win,13,10,23,7,5,12,6,5,11,7,5,12,6,5,11,0,0,0,0,0,0,0,0,0
Ascent,leaf,G2,chamber,1.23,240,20,15,3,5,70%,155,30%,5,3,2,1.52,331,14,9,2,5,67%,200,35%,4,1,3,0.91,142,6,6,1,0,73%,106,22%,1,2,-1,Win,13,10,23,7,5,12,6,5,11,7,5,12,6,5,11,0,0,0,0,0,0,0,0,0
Ascent,valyn,G2,omen,0.88,138,12,14,9,-2,65%,87,26%,1,1,0,0.7,96,4,7,3,-3,58%,58,6%,0,1,-1,1.07,184,8,7,6,1,73%,119,44%,1,0,1,Win,13,10,23,7,5,12,6,5,11,7,5,12,6,5,11,0,0,0,0,0,0,0,0,0
Ascent,JonahP,G2,vyse,0.85,186,15,16,6,-1,65%,113,20%,5,2,3,0.63,142,6,8,2,-2,67%,90,28%,2,1,1,1.09,235,9,8,4,1,64%,138,15%,3,1,2,Win,13,10,23,7,5,12,6,5,11,7,5,12,6,5,11,0,0,0,0,0,0,0,0,0
Ascent,jawgemo,G2,yoru,0.71,152,12,17,5,-5,74%,97,24%,1,2,-1,0.32,106,4,10,3,-6,58%,71,20%,0,2,-2,1.12,204,8,7,2,1,91%,127,27%,1,0,1,Win,13,10,23,7,5,12,6,5,11,7,5,12,6,5,11,0,0,0,0,0,0,0,0,0
Ascent,brawk,NRG,sova,1.31,233,20,13,5,7,74%,159,20%,3,1,2,1.15,176,8,6,1,2,73%,124,21%,0,0,0,1.46,287,12,7,4,5,75%,192,19%,3,1,2,Loss,10,13,23,5,6,11,5,7,12,5,6,11,5,7,12,0,0,0,0,0,0,0,0,0
Ascent,mada,NRG,jett,1,230,17,17,6,0,74%,148,28%,5,7,-2,1.29,298,10,8,6,2,91%,196,24%,3,5,-2,0.73,169,7,9,0,-2,58%,104,40%,2,2,0,Loss,10,13,23,5,6,11,5,7,12,5,6,11,5,7,12,0,0,0,0,0,0,0,0,0
Ascent,skuba,NRG,vyse,1,159,14,14,8,0,70%,100,39%,1,2,-1,0.6,111,5,8,2,-3,55%,73,40%,1,2,-1,1.38,204,9,6,6,3,83%,125,39%,0,0,0,Loss,10,13,23,5,6,11,5,7,12,5,6,11,5,7,12,0,0,0,0,0,0,0,0,0
Ascent,Ethan,NRG,kayo,0.93,181,12,16,13,-4,70%,133,31%,0,1,-1,0.87,146,5,8,6,-3,73%,103,25%,0,0,0,0.99,215,7,8,7,-1,67%,160,34%,0,1,-1,Loss,10,13,23,5,6,11,5,7,12,5,6,11,5,7,12,0,0,0,0,0,0,0,0,0
Ascent,s0m,NRG,omen,0.76,138,12,17,5,-5,74%,83,33%,1,2,-1,0.5,134,6,11,4,-5,82%,81,56%,0,0,0,1.01,142,6,6,1,0,67%,86,24%,1,2,-1,Loss,10,13,23,5,6,11,5,7,12,5,6,11,5,7,12,0,0,0,0,0,0,0,0,0